Title,Year,ReviewScore,MainStoryLeisure,MainStoryMedian,MainStoryRushed,CompleteLeisure,CompleteMedian,CompleteRushed
NBA 2K9 ,2008,84,0,0,0,0,0,0
Shaun White Snowboarding: Road Trip,2008,78,0,0,0,0,0,0
Rayman Raving Rabbids TV Party,2008,73,0,0,0,0,0,0
Spore Creatures,2008,65,0,0,0,0,0,0
NCAA Football 09,2008,83,0,0,0,0,0,0
NBA 2K9,2008,82,0,0,0,0,0,0
Major League Baseball 2K9,2008,64,0,0,0,0,0,0
NCAA Football 09,2008,81,0,0,0,0,0,0
skate it,2008,70,0,0,0,0,0,0
Shaun White Snowboarding,2008,60,0,0,0,0,0,0
Harvest Moon: Island of Happiness,2008,65,0,0,0,0,0,0
Tiger Woods PGA Tour 09,2008,84,0,0,0,0,0,0
SimCity Creator,2008,67,0,0,0,0,0,0
Tiger Woods PGA Tour 09,2008,82,0,0,0,0,0,0
The Sims 2: Apartment Pets,2008,50,0,0,0,0,0,0
Hot Shots Golf: Out of Bounds,2008,81,0,0,0,0,0,0
SimCity Creator,2008,69,0,0,0,0,0,0
Shaun White Snowboarding,2008,63,0,0,0,0,0,0
SingStar ABBA,2008,70,0,0,0,0,0,0
Namco Museum: Virtual Arcade,2008,63,0,0,0,0,0,0
NASCAR 09,2008,69,0,0,0,0,0,0
Summer Athletics 2009,2008,56,0,0,0,0,0,0
Shaun White Snowboarding,2008,63,0,0,0,0,0,0
NASCAR 09,2008,65,0,0,0,0,0,0
Hot Shots Golf: Open Tee 2,2008,82,0,0,0,0,0,0
NBA Ballers: Chosen One,2008,55,0,0,0,0,0,0
Facebreaker,2008,54,0,0,0,0,0,0
Beijing 2008,2008,60,0,0,0,0,0,0
Don King Presents: Prizefighter,2008,56,0,0,0,0,0,0
NHL 2K9 ,2008,69,0,0,0,0,0,0
Cabela's Dangerous Hunts 2009,2008,42,0,0,0,0,0,0
Bomberman Land,2008,57,0,0,0,0,0,0
Nitrobike,2008,49,0,0,0,0,0,0
Culdcept Saga,2008,75,0,0,0,0,0,0
Facebreaker,2008,53,0,0,0,0,0,0
MLB Power Pros 2008,2008,83,0,0,0,0,0,0
NBA 09: The Inside,2008,63,0,0,0,0,0,0
Baja: Edge of Control,2008,65,0,0,0,0,0,0
Space Invaders Extreme,2008,85,0,0,0,0,0,0
Ultimate Band,2008,69,0,0,0,0,0,0
NBA Ballers: Chosen One,2008,54,0,0,0,0,0,0
Dream Pinball 3D,2008,54,0,0,0,0,0,0
Guitar Rock Tour,2008,60,0,0,0,0,0,0
Lost in Blue 3,2008,59,0,0,0,0,0,0
NFL Head Coach 09,2008,64,0,0,0,0,0,0
NHL 2K9,2008,70,0,0,0,0,0,0
Brothers in Arms: Double Time,2008,45,0,0,0,0,0,0
MotoGP 08,2008,68,0,0,0,0,0,0
NFL Head Coach 09,2008,67,0,0,0,0,0,0
NFL Tour,2008,49,0,0,0,0,0,0
Baja: Edge of Control,2008,61,0,0,0,0,0,0
NFL Tour,2008,45,0,0,0,0,0,0
Top Spin 3,2008,78,0,0,0,0,0,0
Hellboy: The Science of Evil,2008,47,0,0,0,0,0,0
The King of Fighters Collection: The Orochi Saga,2008,70,0,0,0,0,0,0
Samurai Warriors: Katana,2008,53,0,0,0,0,0,0
Battle of the Bands,2008,58,0,0,0,0,0,0
Hellboy: The Science of Evil,2008,44,0,0,0,0,0,0
Top Spin 3,2008,75,0,0,0,0,0,0
UEFA Euro 2008,2008,79,0,0,0,0,0,0
"Blast Works: Build, Trade, Destroy",2008,78,0,0,0,0,0,0
Space Chimps,2008,57,0,0,0,0,0,0
Line Rider 2: Unbound,2008,59,0,0,0,0,0,0
The King of Fighters Collection: The Orochi Saga,2008,61,0,0,0,0,0,0
Target: Terror,2008,33,0,0,0,0,0,0
Smash Court Tennis 3,2008,55,0,0,0,0,0,0
Master of the Monster Lair,2008,63,0,0,0,0,0,0
Pipe Mania,2008,71,0,0,0,0,0,0
MotoGP 08,2008,65,0,0,0,0,0,0
Let's Tap,2008,70,0,0,0,0,0,0
NHL 2K9,2008,65,0,0,0,0,0,0
Worms: A Space Oddity,2008,64,0,0,0,0,0,0
UEFA Euro 2008,2008,80,0,0,0,0,0,0
New International Track & Field,2008,73,0,0,0,0,0,0
Tropix!,2008,59,0,0,0,0,0,0
Unsolved Crimes,2008,66,0,0,0,0,0,0
Zubo,2008,75,0,0,0,0,0,0
Ford Racing Off Road,2008,47,0,0,0,0,0,0
Space Invaders Extreme,2008,84,0,0,0,0,0,0
Cradle of Rome,2008,63,0,0,0,0,0,0
Hellboy: The Science of Evil,2008,42,0,0,0,0,0,0
Pipe Mania,2008,74,0,0,0,0,0,0
UEFA Euro 2008,2008,68,0,0,0,0,0,0
Hail to the Chimp,2008,52,0,0,0,0,0,0
Fading Shadows,2008,62,0,0,0,0,0,0
Hail to the Chimp,2008,51,0,0,0,0,0,0
Super Dodgeball Brawlers,2008,65,0.683333333,0.683333333,0.683333333,0,0,0
Battle Fantasia,2008,71,1.533333333,1.05,0.683333333,0,0,0
Raiden IV,2008,63,0.866666667,0.833333333,0.783333333,0,0,0
Metal Slug 7,2008,70,2.05,0.983333333,0.916666667,0,0,0
Tetris Party,2008,75,2,2,2,0,0,0
Mortal Kombat vs. DC Universe,2008,76,5.233333333,3,2.066666667,0,0,0
Mortal Kombat vs. DC Universe,2008,72,5.233333333,3,2.066666667,0,0,0
Mushroom Men: The Spore Wars,2008,72,3.75,3,2.25,0,0,0
Bomberman,2008,73,4.133333333,3.2,2.633333333,0,0,0
AC/DC Live: Rock Band - Track Pack,2008,63,4.883333333,3.933333333,2.766666667,0,0,0
AC/DC Live: Rock Band - Track Pack,2008,60,4.883333333,3.933333333,2.766666667,0,0,0
Insecticide,2008,55,4.35,3.7,2.85,0,0,0
Neopets Puzzle Adventure,2008,70,3,3,3,0,0,0
Neopets Puzzle Adventure,2008,52,3,3,3,0,0,0
Nanostray 2,2008,75,3,3,3,0,0,0
The Legend of Kage 2,2008,70,3.333333333,3.333333333,3.333333333,0,0,0
Ninja Gaiden: Dragon Sword,2008,83,6.533333333,5.333333333,3.366666667,0,0,0
The Spiderwick Chronicles,2008,62,4.5,4,3.5,0,0,0
The Spiderwick Chronicles,2008,59,4.5,4,3.5,0,0,0
The Spiderwick Chronicles,2008,60,4.5,4,3.5,0,0,0
Boom Blox,2008,85,7.416666667,4,3.916666667,0,0,0
Frontlines: Fuel of War,2008,75,9.183333333,5.25,4.183333333,0,0,0
Dragon Ball Z: Burst Limit,2008,72,7.316666667,5.583333333,4.266666667,0,0,0
Dragon Ball Z: Burst Limit,2008,71,7.316666667,5.583333333,4.266666667,0,0,0
Destroy All Humans! Big Willy Unleashed,2008,53,4.5,4.5,4.5,0,0,0
FIFA Street 3,2008,63,5.5,5,4.5,0,0,0
FIFA Street 3,2008,63,5.5,5,4.5,0,0,0
Conflict: Denied Ops,2008,52,7.583333333,5.583333333,4.833333333,0,0,0
Conflict: Denied Ops,2008,51,7.583333333,5.583333333,4.833333333,0,0,0
Star Wars: The Clone Wars - Jedi Alliance,2008,68,5.283333333,5,5,0,0,0
Baroque,2008,50,10.38333333,7.783333333,5.183333333,0,0,0
Army of Two,2008,72,8.316666667,6.716666667,5.316666667,0,0,0
Army of Two,2008,74,8.316666667,6.716666667,5.316666667,0,0,0
Fracture,2008,63,9.783333333,7,5.916666667,0,0,0
Fracture,2008,62,9.783333333,7,5.916666667,0,0,0
Madagascar: Escape 2 Africa,2008,55,6,6,6,0,0,0
Order Up!,2008,76,6,6,6,0,0,0
Madagascar: Escape 2 Africa,2008,58,6,6,6,0,0,0
Madagascar: Escape 2 Africa,2008,62,6,6,6,0,0,0
Death Jr. II: Root of Evil,2008,71,6.016666667,6.016666667,6.016666667,0,0,0
Castlevania Judgment,2008,49,9.433333333,6,6.133333333,0,0,0
Secret Agent Clank,2008,72,8.8,7.5,6.666666667,0,0,0
Command & Conquer 3: Kane's Wrath,2008,75,10.11666667,8.1,6.7,0,0,0
Sega Superstars Tennis,2008,67,7.85,8,6.966666667,0,0,0
Sega Superstars Tennis,2008,65,7.85,8,6.966666667,0,0,0
Sega Superstars Tennis,2008,71,7.85,8,6.966666667,0,0,0
Sega Superstars Tennis,2008,67,7.85,8,6.966666667,0,0,0
Dungeon Explorer: Warriors of Ancient Arts,2008,60,22.85,7.833333333,7.1,0,0,0
Mystery Case Files: MillionHeir,2008,65,9.216666667,8.583333333,7.216666667,0,0,0
Enemy Territory: Quake Wars,2008,69,16.96666667,6.75,7.466666667,0,0,0
Enemy Territory: Quake Wars,2008,60,16.96666667,6.75,7.466666667,0,0,0
Tom Clancy's EndWar,2008,77,14.01666667,8.866666667,7.816666667,0,0,0
Tom Clancy's EndWar,2008,76,14.01666667,8.866666667,7.816666667,0,0,0
Samba de Amigo,2008,68,8,8,8,0,0,0
Trauma Center: Under The Knife 2,2008,79,18.13333333,10.53333333,9.2,0,0,0
SOCOM: U.S. Navy SEALs - Confrontation,2008,63,10,10,10,0,0,0
MLB 08: The Show,2008,85,10,10,10,0,0,0
MLB 08: The Show,2008,83,10,10,10,0,0,0
Vampire Rain,2008,30,11.66666667,10.5,10.08333333,0,0,0
Dragon Ball: Origins,2008,78,10.65,10.51666667,10.38333333,0,0,0
MX vs. ATV Untamed,2008,59,12,12,12,0,0,0
MX vs. ATV Untamed,2008,70,12,12,12,0,0,0
Izuna 2: The Unemployed Ninja Returns,2008,65,13.25,13.25,13.25,0,0,0
Lock's Quest,2008,80,16.8,15,13.43333333,0,0,0
Code Lyoko: Fall of X.A.N.A,2008,51,16.2,15.15,14.1,0,0,0
Dynasty Warriors 6,2008,59,16.3,15.75,14.3,0,0,0
Dynasty Warriors 6,2008,60,16.3,15.75,14.3,0,0,0
Universe at War: Earth Assault,2008,66,17,16,15,0,0,0
Viva Pi$?ata: Pocket Paradise,2008,82,22.83333333,21,17.83333333,0,0,0
Blitz: The League II,2008,62,21,20,19,0,0,0
Blitz: The League II,2008,68,21,20,19,0,0,0
Knights in the Nightmare,2008,76,32.78333333,28.55,23.41666667,0,0,0
Dokapon Kingdom,2008,72,24.88333333,25,24.2,0,0,0
Spectrobes: Beyond the Portals,2008,70,24.26666667,24.26666667,24.26666667,0,0,0
Harvest Moon: Tree of Tranquility,2008,65,62.75,29.58333333,25.16666667,0,0,0
Harvest Moon: Magical Melody,2008,69,32.28333333,30,26.78333333,0,0,0
Chicken Hunter,2008,39,0,0,0,1.5,1.5,1.5
Ninja Reflex,2008,49,4,4,4,3.666666667,3.666666667,3.666666667
Ninja Reflex,2008,54,4,4,4,3.666666667,3.666666667,3.666666667
Klonoa: Door to Phantomile,2008,77,5.583333333,4,3.45,6.516666667,4.75,4.483333333
Assassin's Creed: Altar's Chronicles,2008,58,7.033333333,5,4.2,5.5,5,4.75
The Incredible Hulk,2008,46,0,0,0,5.216666667,5.216666667,5.216666667
The Incredible Hulk,2008,55,0,0,0,5.216666667,5.216666667,5.216666667
The Incredible Hulk,2008,55,0,0,0,5.216666667,5.216666667,5.216666667
Turning Point: Fall of Liberty,2008,43,6.15,5,4.566666667,5.216666667,5.216666667,5.216666667
Turning Point: Fall of Liberty,2008,42,6.15,5,4.566666667,5.216666667,5.216666667,5.216666667
Lost: Via Domus,2008,54,5.8,5.366666667,4.933333333,9.883333333,6,5.383333333
Lost: Via Domus,2008,55,5.8,5.366666667,4.933333333,9.883333333,6,5.383333333
Looney Tunes: Cartoon Conductor,2008,67,4,4,4,5.5,5.5,5.5
Crash: Mind over Mutant,2008,70,7.416666667,5.483333333,4.716666667,5.6,5.6,5.6
Crash: Mind over Mutant,2008,60,7.416666667,5.483333333,4.716666667,5.6,5.6,5.6
Wall-E,2008,51,8.25,6.716666667,5,6,6,6
Wall-E,2008,50,8.25,6.716666667,5,6,6,6
Wall-E,2008,51,8.25,6.716666667,5,6,6,6
Agatha Christie: Evil Under the Sun,2008,46,9.25,9.25,9.25,6,6,6
God of War: Chains of Olympus,2008,91,7.866666667,5.466666667,4.05,16.46666667,8.666666667,6.016666667
ObsCure: The Aftermath,2008,53,10.28333333,7.766666667,6.45,7.55,6.5,6.05
Legendary,2008,47,6.483333333,5,4.566666667,7.15,6.916666667,6.4
Legendary,2008,50,6.483333333,5,4.566666667,7.15,6.916666667,6.4
Space Bust-A-Move,2008,71,1,1,1,7.033333333,7.033333333,7.033333333
Harvey Birdman: Attorney at Law,2008,60,4.266666667,3.75,3.483333333,7.066666667,7.066666667,7.066666667
Harvey Birdman: Attorney at Law,2008,62,4.266666667,3.75,3.483333333,7.066666667,7.066666667,7.066666667
Iron Man,2008,44,4.683333333,4.366666667,3.716666667,12.46666667,8,7.483333333
Iron Man,2008,56,4.683333333,4.366666667,3.716666667,12.46666667,8,7.483333333
Iron Man,2008,42,4.683333333,4.366666667,3.716666667,12.46666667,8,7.483333333
Iron Man,2008,44,4.683333333,4.366666667,3.716666667,12.46666667,8,7.483333333
Iron Man,2008,45,4.683333333,4.366666667,3.716666667,12.46666667,8,7.483333333
"Flower, Sun and Rain",2008,54,14.96666667,8,8.866666667,7.5,7.5,7.5
Alone in the Dark,2008,58,7.533333333,6,4.133333333,10.4,8.5,8.216666667
Alone in the Dark,2008,39,7.533333333,6,4.133333333,10.4,8.5,8.216666667
Sonic Riders: Zero Gravity,2008,56,3.516666667,3.066666667,2.7,10.75,9.5,8.25
Agatha Christie: And Then There Were None,2008,50,7.916666667,7.5,6.25,10.75,9.5,8.25
Star Wars: The Force Unleashed,2008,73,7.583333333,5,3.583333333,17.35,11.33333333,8.35
Star Wars: The Force Unleashed,2008,71,7.583333333,5,3.583333333,17.35,11.33333333,8.35
Star Wars: The Force Unleashed,2008,71,7.583333333,5,3.583333333,17.35,11.33333333,8.35
Mirror's Edge,2008,79,11.56666667,6,4.066666667,37.43333333,10,8.433333333
Mirror's Edge,2008,79,11.56666667,6,4.066666667,37.43333333,10,8.433333333
Soul Bubbles,2008,78,6,6,6,10.65,9.15,8.466666667
Turok,2008,69,16.35,7,6.05,25.55,10,8.55
Turok,2008,67,16.35,7,6.05,25.55,10,8.55
Mario & Sonic at the Olympic Games,2008,70,7,7,7,10.5,10,9.5
Kung Fu Panda,2008,75,5.416666667,5,3.916666667,15.53333333,13.5,9.7
Kung Fu Panda,2008,71,5.416666667,5,3.916666667,15.53333333,13.5,9.7
Kung Fu Panda,2008,70,5.416666667,5,3.916666667,15.53333333,13.5,9.7
Kung Fu Panda,2008,76,5.416666667,5,3.916666667,15.53333333,13.5,9.7
Silent Hill: Homecoming,2008,70,14.58333333,9,7.583333333,16.5,12.86666667,9.75
Silent Hill: Homecoming,2008,71,14.58333333,9,7.583333333,16.5,12.86666667,9.75
Lost Planet: Extreme Condition,2008,67,13.26666667,8.483333333,6.35,15.6,9.7,9.8
Syberia,2008,52,12.8,9.75,6.416666667,17.95,12,9.9
Kirby Super Star Ultra,2008,76,8.216666667,4.75,3.833333333,21.46666667,11.01666667,9.933333333
Battlefield: Bad Company,2008,83,12.38333333,6.733333333,4.65,31.03333333,14,10.43333333
Battlefield: Bad Company,2008,84,12.38333333,6.733333333,4.65,31.03333333,14,10.43333333
Secret Files: Tunguska,2008,71,12.56666667,8.716666667,6.816666667,14.75,12,10.5
Secret Files: Tunguska,2008,64,12.56666667,8.716666667,6.816666667,14.75,12,10.5
Rhapsody: A Musical Adventure,2008,67,10.93333333,9.133333333,8.066666667,15.06666667,12.86666667,11.33333333
Madden NFL 09,2008,83,10,10,10,24.21666667,19.03333333,11.46666667
Madden NFL 09,2008,85,10,10,10,24.21666667,19.03333333,11.46666667
Madden NFL 09,2008,68,10,10,10,24.21666667,19.03333333,11.46666667
The Chronicles of Narnia: Prince Caspian,2008,63,16,14,12,11.81666667,11.65,11.48333333
The Chronicles of Narnia: Prince Caspian,2008,54,16,14,12,11.81666667,11.65,11.48333333
The Chronicles of Narnia: Prince Caspian,2008,56,16,14,12,11.81666667,11.65,11.48333333
Tom Clancy's Rainbow Six: Vegas 2,2008,82,17.43333333,9,6.366666667,12,12,12
Tom Clancy's Rainbow Six: Vegas 2,2008,81,17.43333333,9,6.366666667,12,12,12
Speed Racer: The Videogame,2008,69,0,0,0,12.38333333,12.38333333,12.38333333
Speed Racer: The Videogame,2008,75,0,0,0,12.38333333,12.38333333,12.38333333
Prince of Persia,2008,81,14.86666667,11.83333333,9.466666667,31.78333333,17,13.03333333
Prince of Persia,2008,85,14.86666667,11.83333333,9.466666667,31.78333333,17,13.03333333
Age of Empires: Mythologies,2008,78,0,0,0,13.2,13.2,13.2
Pure,2008,85,12.6,8.5,7.983333333,19.91666667,13,13.41666667
Pure,2008,83,12.6,8.5,7.983333333,19.91666667,13,13.41666667
Dark Sector,2008,72,10.85,8.3,5.716666667,20.4,21,13.48333333
Dark Sector,2008,72,10.85,8.3,5.716666667,20.4,21,13.48333333
Brothers in Arms: Hell's Highway,2008,76,10.26666667,8,7.066666667,17.25,15.5,13.75
Brothers in Arms: Hell's Highway,2008,76,10.26666667,8,7.066666667,17.25,15.5,13.75
Apollo Justice: Ace Attorney,2008,78,23.25,19.7,15.23333333,24.03333333,20,13.96666667
SEGA Bass Fishing,2008,59,4.666666667,3.333333333,2,14.11666667,14.08333333,14.03333333
Resistance 2,2008,87,16.76666667,10,8.133333333,16.36666667,15.25,14.11666667
Dead Space,2008,88,18.25,11.36666667,8.2,37.13333333,20,14.13333333
Mario Kart Wii,2008,82,12.66666667,5,3.666666667,31.51666667,17,14.21666667
Dark Messiah of Might and Magic: Elements,2008,52,15.16666667,10,7.083333333,39.8,20,14.3
Need for Speed: Undercover,2008,64,11.68333333,11,8.883333333,18.15,14.5,14.3
Need for Speed: Undercover,2008,59,11.68333333,11,8.883333333,18.15,14.5,14.3
Need for Speed: Undercover,2008,54,11.68333333,11,8.883333333,18.15,14.5,14.3
Tomb Raider: Underworld,2008,76,15.55,10,7.516666667,21.96666667,19,14.46666667
Tomb Raider: Underworld,2008,75,15.55,10,7.516666667,21.96666667,19,14.46666667
Tomb Raider: Underworld,2008,70,15.55,10,7.516666667,21.96666667,19,14.46666667
The House of the Dead 2 & 3 Return,2008,66,4.783333333,2,1.783333333,16.25,15.5,14.75
LEGO Indiana Jones: The Original Adventures,2008,77,13.61666667,10,8.083333333,29.31666667,24.01666667,15
LEGO Indiana Jones: The Original Adventures,2008,78,13.61666667,10,8.083333333,29.31666667,24.01666667,15
LEGO Indiana Jones: The Original Adventures,2008,77,13.61666667,10,8.083333333,29.31666667,24.01666667,15
LEGO Indiana Jones: The Original Adventures,2008,76,13.61666667,10,8.083333333,29.31666667,24.01666667,15
BioShock,2008,94,21.06666667,12,8.566666667,33.43333333,20,15.16666667
Ninjatown,2008,80,14.15,14,11.11666667,15.5,15.5,15.5
Rhythm Heaven,2008,83,8.6,4.45,3.85,22.43333333,20.35,15.93333333
Wario Land: Shake It!,2008,78,7.633333333,6,5.166666667,31.53333333,18,15.93333333
Call of Duty: World at War,2008,84,13.95,8,5.366666667,161.7,15,16.2
Call of Duty: World at War,2008,85,13.95,8,5.366666667,161.7,15,16.2
Call of Duty: World at War,2008,83,13.95,8,5.366666667,161.7,15,16.2
Castlevania: Order of Ecclesia,2008,85,14.2,11,7.6,33.66666667,21.6,16.41666667
Viking: Battle for Asgard,2008,68,18.75,12,9.983333333,27.11666667,22,16.45
Viking: Battle for Asgard,2008,65,18.75,12,9.983333333,27.11666667,22,16.45
Guitar Hero: World Tour,2008,86,9.55,8,7.166666667,50.51666667,21,16.76666667
Guitar Hero: World Tour,2008,85,9.55,8,7.166666667,50.51666667,21,16.76666667
Guitar Hero: World Tour,2008,84,9.55,8,7.166666667,50.51666667,21,16.76666667
Viva Pi$?ata: Trouble in Paradise,2008,82,70,70,70,20.25,18.76666667,17.28333333
Sonic Unleashed,2008,66,15.45,13,10.81666667,17.35,17.35,17.35
Sonic Unleashed,2008,54,15.45,13,10.81666667,17.35,17.35,17.35
Sonic Unleashed,2008,60,15.45,13,10.81666667,17.35,17.35,17.35
N+,2008,82,18.36666667,16.5,15.86666667,18,18,18
Spider-Man: Web of Shadows,2008,68,12.91666667,11,8.666666667,20.45,19.63333333,18.81666667
Spider-Man: Web of Shadows,2008,67,12.91666667,11,8.666666667,20.45,19.63333333,18.81666667
Spider-Man: Web of Shadows,2008,77,12.91666667,11,8.666666667,20.45,19.63333333,18.81666667
From the Abyss,2008,60,8.433333333,5.133333333,4.3,19,19,19
The Legendary Starfy,2008,75,8.95,8.5,7.15,22.9,20.25,19.58333333
De Blob,2008,82,8.95,8.416666667,7.066666667,25.78333333,25,19.6
Guitar Hero: On Tour - Decades,2008,72,1.833333333,1.833333333,1.833333333,20,20,20
The Club,2008,76,5.766666667,4.5,3.683333333,20,20,20
The Club,2008,72,5.766666667,4.5,3.683333333,20,20,20
Bangai-O Spirits,2008,83,9,8,7,20,20,20
Unreal Tournament III,2008,82,19.36666667,10.5,7.616666667,23.58333333,23.5,20.96666667
Bully: Scholarship Edition,2008,80,21.8,13.2,9.85,32.05,26,21.63333333
Bully: Scholarship Edition,2008,83,21.8,13.2,9.85,32.05,26,21.63333333
Haze,2008,55,8.933333333,6.916666667,5.433333333,22.76666667,22.76666667,22.76666667
Pinball Hall of Fame: The Williams Collection,2008,82,20,20,20,41.83333333,35,22.83333333
Pinball Hall of Fame: The Williams Collection,2008,78,20,20,20,41.83333333,35,22.83333333
LEGO Batman: The Videogame,2008,76,13.81666667,9.433333333,7.066666667,39.55,29,22.88333333
LEGO Batman: The Videogame,2008,72,13.81666667,9.433333333,7.066666667,39.55,29,22.88333333
LEGO Batman: The Videogame,2008,74,13.81666667,9.433333333,7.066666667,39.55,29,22.88333333
LEGO Batman: The Videogame,2008,73,13.81666667,9.433333333,7.066666667,39.55,29,22.88333333
LEGO Batman: The Videogame,2008,75,13.81666667,9.433333333,7.066666667,39.55,29,22.88333333
Metal Gear Solid 4: Guns of the Patriots,2008,94,32.21666667,18.16666667,10.56666667,47.38333333,27,23.38333333
Guitar Hero: On Tour,2008,71,0,0,0,24,24,24
Summon Night: Twin Age,2008,73,14.78333333,15,12.65,24,24,24
Mega Man Star Force 2: Zerker X Ninja,2008,55,19.23333333,19.25,15.8,24,24,24
Patapon,2008,86,23.71666667,15,12.26666667,42.48333333,32.55,24.76666667
Overlord: Raising Hell,2008,72,24.43333333,8.5,6.383333333,63.4,37,24.9
Afrika,2008,63,27.41666667,24,19.91666667,33.55,30.86666667,27.05
Far Cry 2,2008,85,28.56666667,17,11.56666667,64.76666667,39.31666667,27.16666667
Far Cry 2,2008,85,28.56666667,17,11.56666667,64.76666667,39.31666667,27.16666667
SoulCalibur IV,2008,85,7.35,2.25,1.45,93.61666667,33,28.61666667
SoulCalibur IV,2008,85,7.35,2.25,1.45,93.61666667,33,28.61666667
GRID,2008,87,40.65,22,14.9,114.6333333,37.4,28.63333333
GRID,2008,87,40.65,22,14.9,114.6333333,37.4,28.63333333
TV Show King,2008,65,0,0,0,30,30,30
LittleBigPlanet,2008,95,16.43333333,9,5.966666667,60.08333333,38,30.08333333
Sonic Chronicles: The Dark Brotherhood,2008,74,18.73333333,12,11.53333333,47.75,39.16666667,30.58333333
Mercenaries 2: World in Flames,2008,72,19,18,12.73333333,43.25,30,30.75
Mercenaries 2: World in Flames,2008,72,19,18,12.73333333,43.25,30,30.75
Chrono Trigger,2008,92,32.6,23,16.6,78.88333333,45,31.78333333
Final Fantasy Fables: Chocobo's Dungeon,2008,76,23.43333333,21.16666667,21.31666667,45.48333333,38.65,31.81666667
Devil May Cry 4,2008,84,15.46666667,11,8.566666667,74.68333333,44,32.1
Devil May Cry 4,2008,84,15.46666667,11,8.566666667,74.68333333,44,32.1
Pokmon Ranger: Shadows of Almia,2008,68,23.31666667,22,18.53333333,59.45,35,32.96666667
Sid Meier's Civilization: Revolution,2008,84,10.2,3.866666667,3.45,51.33333333,42,33.83333333
Sid Meier's Civilization: Revolution,2008,80,10.2,3.866666667,3.45,51.33333333,42,33.83333333
Left 4 Dead,2008,89,12.51666667,6.516666667,4.566666667,130.4166667,59.58333333,33.91666667
Supreme Commander,2008,56,27.15,19,16.15,45.65,42.25,34.15
Fire Emblem: Shadow Dragon,2008,81,26.68333333,20,15.76666667,40.11666667,34.5,34.26666667
Saints Row 2,2008,81,46.68333333,20,13.31666667,80.43333333,54,34.35
Saints Row 2,2008,82,46.68333333,20,13.31666667,80.43333333,54,34.35
Condemned 2: Bloodshot,2008,80,10.15,8.9,7.383333333,35,35,35
Condemned 2: Bloodshot,2008,82,10.15,8.9,7.383333333,35,35,35
Midnight Club: Los Angeles,2008,81,26.68333333,23.61666667,19.28333333,35,35,35
Midnight Club: Los Angeles,2008,82,26.68333333,23.61666667,19.28333333,35,35,35
Fable II,2008,89,18.7,12,9.15,146.2833333,53.36666667,35.28333333
Star Ocean: First Departure,2008,74,27.9,20.5,16.85,52.11666667,44.58333333,37.05
Rune Factory 2: A Fantasy Harvest Moon,2008,79,0,0,0,38,38,38
Banjo-Kazooie: Nuts & Bolts,2008,79,19.01666667,15.9,13.86666667,84.81666667,43.3,38.51666667
Burnout Paradise,2008,87,19.43333333,14,11.05,153.2166667,50,39.46666667
NHL 09 ,2008,88,20,20,20,40,40,40
NHL 09,2008,88,20,20,20,40,40,40
FlatOut: Head On,2008,74,21.93333333,14.5,13.18333333,41.21666667,40.8,40.4
The Dark Spire,2008,69,27.91666667,27.91666667,27.91666667,62.15,50,40.86666667
Rock Band,2008,92,9.833333333,7.75,6.333333333,42,42,42
Dragon Quest V: Hand of the Heavenly Bride,2008,84,40.63333333,30,23.26666667,47.86666667,44.86666667,42.36666667
Avalon Code,2008,71,23.23333333,21.96666667,18.26666667,62.25,52.5,42.75
?kami,2008,90,48.86666667,36.83333333,25.86666667,78.06666667,55.1,43.06666667
Command & Conquer: Red Alert 3,2008,77,13.36666667,10.5,8.866666667,43.35,43.35,43.35
Valkyrie Profile: Covenant of the Plume,2008,74,17.83333333,15.9,13.33333333,64.95,50.25,44.35
TNA iMPACT!,2008,62,9.55,8.05,7.05,45.16666667,45.16666667,45.16666667
TNA iMPACT!,2008,64,9.55,8.05,7.05,45.16666667,45.16666667,45.16666667
TNA iMPACT!,2008,43,9.55,8.05,7.05,45.16666667,45.16666667,45.16666667
Valkyria Chronicles,2008,86,45.7,31.1,22.7,71.1,53.06666667,46.3
Ferrari Challenge Trofeo Pirelli,2008,71,16,16,16,48,48,48
Eternal Sonata,2008,80,43.16666667,30,20.78333333,132.85,60.76666667,48.85
Grand Theft Auto IV,2008,98,46.88333333,28,18.05,175.7333333,80,53.23333333
Grand Theft Auto IV,2008,98,46.88333333,28,18.05,175.7333333,80,53.23333333
Gears of War 2,2008,93,13.01666667,10,8.05,152.85,110,58.35
LocoRoco 2,2008,85,8.733333333,7,5.333333333,161.9833333,110.2,58.4
Guitar Hero: Aerosmith,2008,73,6.416666667,4.933333333,3.916666667,68.01666667,68.01666667,68.01666667
Guitar Hero: Aerosmith,2008,70,6.416666667,4.933333333,3.916666667,68.01666667,68.01666667,68.01666667
Guitar Hero: Aerosmith,2008,70,6.416666667,4.933333333,3.916666667,68.01666667,68.01666667,68.01666667
Etrian Odyssey II: Heroes of Lagaard,2008,82,56.16666667,45,44.36666667,72,72,72
Fallout 3,2008,93,86.63333333,22,14.13333333,416.2666667,112.3166667,72.26666667
Fallout 3,2008,90,86.63333333,22,14.13333333,416.2666667,112.3166667,72.26666667
Dissidia: Final Fantasy,2008,79,40.41666667,30,23.43333333,206.65,109.4666667,72.48333333
Tales of Symphonia: Dawn of the New World,2008,68,39.81666667,32.5,26.03333333,106.9166667,100.0333333,73.48333333
Pro Evolution Soccer 2008,2008,83,0,0,0,82.3,78.2,74.1
Wild Arms XF,2008,64,53.7,50.9,50.78333333,77.48333333,77.48333333,77.48333333
Advance Wars: Days of Ruin,2008,86,36.1,18.08333333,15.05,100.1166667,90,80.91666667
Disgaea DS,2008,82,50.63333333,42.71666667,39.03333333,137.7333333,123.1166667,108.2833333
Super Smash Bros.: Brawl,2008,93,21.2,10,6.7,407.1333333,135,115.0333333
Pokmon: Platinum Version,2008,83,42.33333333,35,24.26666667,387.45,198,116.4833333
Too Human,2008,65,16.46666667,12.98333333,10.46666667,119,119,119
MotorStorm: Pacific Rift,2008,82,32.1,24,17.1,120,120,120
The Last Remnant,2008,66,80.93333333,63,45.93333333,186.3333333,150,127.3333333
Tales of Vesperia,2008,79,75.16666667,49,39.66666667,240.7,192.5,130.7
Infinite Undiscovery,2008,68,51.93333333,22.3,17.18333333,150,150,150
Armored Core: For Answer,2008,62,12.53333333,9.933333333,8.716666667,311.25,272.5,233.75
Armored Core: For Answer,2008,64,12.53333333,9.933333333,8.716666667,311.25,272.5,233.75
Rock Band 2,2008,92,16.7,9,6.7,295.8666667,295.8666667,295.8666667
Rock Band 2,2008,91,16.7,9,6.7,295.8666667,295.8666667,295.8666667
Animal Crossing: City Folk,2008,73,107.95,62,47.95,676.1333333,617.4166667,558.7
Transformers: Autobots,2007,67,0,0,0,0,0,0
Transformers: Decepticons,2007,66,0,0,0,0,0,0
Big Brain Academy: Wii Degree,2007,68,0,0,0,0,0,0
Tiger Woods PGA Tour 08,2007,72,0,0,0,0,0,0
Blazing Angels: Squadrons of WWII,2007,57,0,0,0,0,0,0
EA Playground,2007,66,0,0,0,0,0,0
Major League Baseball 2K7,2007,79,0,0,0,0,0,0
The Sims 2: Castaway,2007,66,0,0,0,0,0,0
NBA Live 08,2007,73,0,0,0,0,0,0
CrossworDS,2007,67,0,0,0,0,0,0
Tiger Woods PGA Tour 08,2007,80,0,0,0,0,0,0
NBA LIVE 08 ,2007,73,0,0,0,0,0,0
Winter Sports: The Ultimate Challenge,2007,52,0,0,0,0,0,0
Boogie,2007,57,0,0,0,0,0,0
The Sims 2: Castaway,2007,73,0,0,0,0,0,0
Endless Ocean,2007,72,0,0,0,0,0,0
SingStar,2007,82,0,0,0,0,0,0
The Sims 2: Pets,2007,65,0,0,0,0,0,0
Nicktoons: Attack of the Toybots,2007,60,0,0,0,0,0,0
My Word Coach,2007,71,0,0,0,0,0,0
SOCOM: U.S. Navy SEALs - Tactical Strike,2007,72,0,0,0,0,0,0
EA Playground,2007,60,0,0,0,0,0,0
The Eye of Judgment,2007,75,0,0,0,0,0,0
MLB 07: The Show,2007,77,0,0,0,0,0,0
NBA Live 08,2007,73,0,0,0,0,0,0
MLB 07: The Show,2007,82,0,0,0,0,0,0
NASCAR 08,2007,59,0,0,0,0,0,0
Major League Baseball 2K7,2007,74,0,0,0,0,0,0
Tiger Woods PGA Tour 08,2007,79,0,0,0,0,0,0
Dragon Ball Z: Harukanaru Densetsu,2007,57,0,0,0,0,0,0
Donkey Kong Barrel Blast,2007,46,0,0,0,0,0,0
Monster Jam,2007,43,0,0,0,0,0,0
NCAA 07 March Madness,2007,67,0,0,0,0,0,0
College Hoops 2K7,2007,81,0,0,0,0,0,0
NASCAR 08,2007,57,0,0,0,0,0,0
College Hoops 2K8,2007,81,0,0,0,0,0,0
Mercury Meltdown,2007,77,0,0,0,0,0,0
Godzilla: Unleashed,2007,44,0,0,0,0,0,0
NBA Live 08,2007,52,0,0,0,0,0,0
College Hoops 2K8,2007,82,0,0,0,0,0,0
NBA 08,2007,63,0,0,0,0,0,0
WordJong,2007,77,0,0,0,0,0,0
"Warhammer 40,000: Squad Command",2007,67,0,0,0,0,0,0
Hot Wheels: Beat That!,2007,43,0,0,0,0,0,0
NHL 2K8 ,2007,71,0,0,0,0,0,0
Godzilla Unleashed: Double Smash,2007,28,0,0,0,0,0,0
Star Trek: Conquest,2007,49,0,0,0,0,0,0
Marvel Trading Card Game,2007,61,0,0,0,0,0,0
Crazy Taxi: Fare Wars,2007,64,0,0,0,0,0,0
Bladestorm: The Hundred Years' War,2007,58,0,0,0,0,0,0
InuYasha: Secret of the Divine Jewel,2007,46,0,0,0,0,0,0
NHL 2K8,2007,74,0,0,0,0,0,0
NCAA March Madness 08,2007,67,0,0,0,0,0,0
Monster Madness: Battle for Suburbia,2007,55,0,0,0,0,0,0
River King: Mystic Valley,2007,54,0,0,0,0,0,0
Brooktown High,2007,51,0,0,0,0,0,0
Jackass: The Game,2007,58,0,0,0,0,0,0
The Sims 2: Castaway,2007,64,0,0,0,0,0,0
Victorious Boxers: Revolution,2007,59,0,0,0,0,0,0
Bladestorm: The Hundred Years' War,2007,63,0,0,0,0,0,0
Death Jr. and the Science Fair of Doom,2007,47,0,0,0,0,0,0
Super Swing Golf Season 2,2007,70,0,0,0,0,0,0
Tetris Evolution,2007,52,0,0,0,0,0,0
King of Clubs,2007,35,0,0,0,0,0,0
"Warhammer 40,000: Squad Command",2007,57,0,0,0,0,0,0
World Series of Poker 2008: Battle for the Brac...,2007,74,0,0,0,0,0,0
Bubble Bobble Double Shot,2007,50,0,0,0,0,0,0
SWAT: Target Liberty,2007,50,0,0,0,0,0,0
Anubis II,2007,19,0,0,0,0,0,0
Barnyard,2007,65,0,0,0,0,0,0
Octomania,2007,66,0,0,0,0,0,0
UEFA Champions League 2006-2007,2007,72,0,0,0,0,0,0
Aliens Vs Predator: Requiem,2007,49,0,0,0,0,0,0
NBA 08,2007,75,0,0,0,0,0,0
Arkanoid DS,2007,61,0,0,0,0,0,0
Dynasty Warriors DS: Fighter's Battle,2007,56,0,0,0,0,0,0
Prism: Light the Way,2007,73,0,0,0,0,0,0
Meteos: Disney Magic,2007,74,0,0,0,0,0,0
Cube,2007,60,0,0,0,0,0,0
The Fast and the Furious,2007,58,0,0,0,0,0,0
Lost in Blue 2,2007,58,0,0,0,0,0,0
After Burner: Black Falcon,2007,73,0,0,0,0,0,0
Capcom Puzzle World,2007,65,0,0,0,0,0,0
Smash Court Tennis 3,2007,68,0,0,0,0,0,0
UEFA Champions League 2006-2007,2007,71,0,0,0,0,0,0
Jam Sessions,2007,72,0.25,0.25,0.25,0,0,0
Planet Puzzle League,2007,86,0.316666667,0.316666667,0.316666667,0,0,0
Hot Pixel,2007,55,0.45,0.45,0.45,0,0,0
Time Crisis 4,2007,60,1.55,1,0.783333333,0,0,0
Surf's Up,2007,56,1.616666667,1.283333333,0.966666667,0,0,0
Surf's Up,2007,64,1.616666667,1.283333333,0.966666667,0,0,0
Surf's Up,2007,61,1.616666667,1.283333333,0.966666667,0,0,0
Surf's Up,2007,59,1.616666667,1.283333333,0.966666667,0,0,0
Ontamarama,2007,71,1,1,1,0,0,0
Guilty Gear XX ? Core,2007,75,2,2,2,0,0,0
Soldier of Fortune: Payback,2007,50,4.083333333,3,2.433333333,0,0,0
Soldier of Fortune: Payback,2007,50,4.083333333,3,2.433333333,0,0,0
Medal of Honor: Vanguard,2007,56,4.283333333,3.633333333,2.883333333,0,0,0
Star Wars Battlefront: Renegade Squadron,2007,73,7.183333333,2.716666667,2.933333333,0,0,0
SimCity DS,2007,69,3,3,3,0,0,0
Looney Tunes: Acme Arsenal,2007,27,4.466666667,3.15,3.2,0,0,0
Looney Tunes: Acme Arsenal,2007,40,4.466666667,3.15,3.2,0,0,0
Cooking Mama: Cook Off,2007,61,3.4,3.4,3.4,0,0,0
Wii Fit,2007,80,4.45,3.933333333,3.45,0,0,0
NBA 2K8 ,2007,81,4,4,4,0,0,0
NBA 2K8,2007,81,4,4,4,0,0,0
Cabela's Big Game Hunter,2007,51,4,4,4,0,0,0
Draglade,2007,71,4.05,4.066666667,4.016666667,0,0,0
Medal of Honor: Heroes 2,2007,69,5.483333333,5,4.366666667,0,0,0
Medal of Honor: Heroes 2,2007,73,5.483333333,5,4.366666667,0,0,0
7 Wonders of the Ancient World,2007,60,11.83333333,4.85,4.466666667,0,0,0
7 Wonders of the Ancient World,2007,51,11.83333333,4.85,4.466666667,0,0,0
Touch the Dead,2007,56,4.65,4.65,4.65,0,0,0
DK: Jungle Climber,2007,77,5.566666667,5.15,4.716666667,0,0,0
Hour of Victory,2007,37,6.916666667,5.316666667,4.783333333,0,0,0
Pursuit Force: Extreme Justice,2007,73,9.616666667,8,4.866666667,0,0,0
Rayman Raving Rabbids 2,2007,67,5,5,5,0,0,0
Brothers in Arms DS,2007,72,5,5,5,0,0,0
Fantastic Four: Rise of the Silver Surfer,2007,47,6.033333333,5.75,5.016666667,0,0,0
Fantastic Four: Rise of the Silver Surfer,2007,45,6.033333333,5.75,5.016666667,0,0,0
Fantastic Four: Rise of the Silver Surfer,2007,39,6.033333333,5.75,5.016666667,0,0,0
Fantastic Four: Rise of the Silver Surfer,2007,35,6.033333333,5.75,5.016666667,0,0,0
Escape from Bug Island,2007,37,6.383333333,5.383333333,5.133333333,0,0,0
Code Lyoko: Quest for Infinity,2007,58,5.8,5.8,5.8,0,0,0
Battlestations: Midway,2007,73,10.28333333,8.85,5.833333333,0,0,0
The Golden Compass,2007,41,7.1,6.983333333,5.883333333,0,0,0
The Golden Compass,2007,35,7.1,6.983333333,5.883333333,0,0,0
The Golden Compass,2007,40,7.1,6.983333333,5.883333333,0,0,0
The Golden Compass,2007,28,7.1,6.983333333,5.883333333,0,0,0
Flash Focus: Vision Training in Minutes a Day,2007,59,6,6,6,0,0,0
NiGHTS: Journey of Dreams,2007,69,6.883333333,6,6.116666667,0,0,0
Code Lyoko,2007,63,6.75,6.516666667,6.283333333,0,0,0
MySims,2007,68,7.283333333,7.183333333,7.083333333,0,0,0
Lair,2007,53,10.95,8.966666667,7.2,0,0,0
300: March to Glory,2007,55,7.4,7.4,7.4,0,0,0
BWii: Battalion Wars 2,2007,75,15.43333333,9.716666667,7.55,0,0,0
Def Jam: Icon,2007,69,8.25,8,7.75,0,0,0
Def Jam: Icon,2007,68,8.25,8,7.75,0,0,0
Tom Clancy's Ghost Recon: Advanced Warfighter 2...,2007,86,9.35,8.75,7.883333333,0,0,0
Tom Clancy's Ghost Recon: Advanced Warfighter 2...,2007,84,9.35,8.75,7.883333333,0,0,0
Dance Dance Revolution Hottest Party,2007,73,8,8,8,0,0,0
Dance Dance Revolution Universe 2,2007,65,8,8,8,0,0,0
Dead Head Fred,2007,75,8,8,8,0,0,0
Nervous Brickdown,2007,70,8,8,8,0,0,0
Wario: Master of Disguise,2007,60,9.416666667,9,8.016666667,0,0,0
Trauma Center: New Blood,2007,77,12.86666667,12,8.1,0,0,0
Tony Hawk's Proving Ground,2007,72,8.133333333,8.133333333,8.133333333,0,0,0
Tony Hawk's Proving Ground,2007,73,8.133333333,8.133333333,8.133333333,0,0,0
Tony Hawk's Proving Ground,2007,57,8.133333333,8.133333333,8.133333333,0,0,0
Tony Hawk's Proving Ground,2007,39,8.133333333,8.133333333,8.133333333,0,0,0
Mario Strikers Charged,2007,79,14.53333333,10,8.283333333,0,0,0
Gran Turismo 5: Prologue,2007,80,12.31666667,10.71666667,8.316666667,0,0,0
Beowulf: The Game,2007,51,15,10.5,8.6,0,0,0
Beowulf: The Game,2007,51,15,10.5,8.6,0,0,0
Ace Combat 6: Fires of Liberation,2007,80,14.41666667,13.25,8.733333333,0,0,0
Coded Arms: Contagion,2007,56,10.45,10,9.25,0,0,0
Driver: Parallel Lines,2007,59,12.36666667,10.6,9.283333333,0,0,0
F.E.A.R. Files,2007,66,12.11666667,10,9.616666667,0,0,0
Heatseeker,2007,62,9.75,9.75,9.75,0,0,0
Heatseeker,2007,49,9.75,9.75,9.75,0,0,0
Namco Museum DS,2007,67,10,10,10,0,0,0
Tiger Woods PGA Tour 07,2007,71,10,10,10,0,0,0
SSX Blur,2007,74,10,10,10,0,0,0
Geometry Wars: Galaxies,2007,79,10,10,10,0,0,0
Geometry Wars: Galaxies,2007,80,10,10,10,0,0,0
Blazing Angels 2: Secret Missions of WWII,2007,72,10,10,10,0,0,0
Blazing Angels 2: Secret Missions of WWII,2007,70,10,10,10,0,0,0
Vampire Rain,2007,38,11.66666667,10.5,10.08333333,0,0,0
Soulcalibur Legends,2007,52,16,10.48333333,10.26666667,0,0,0
NCAA Football 08,2007,81,12,12,12,0,0,0
MX vs. ATV Untamed,2007,70,12,12,12,0,0,0
NCAA Football 08,2007,77,12,12,12,0,0,0
MX vs. ATV Untamed,2007,67,12,12,12,0,0,0
All-Pro Football 2K8,2007,75,12,12,12,0,0,0
All-Pro Football 2K8,2007,73,12,12,12,0,0,0
MX vs. ATV Untamed,2007,61,12,12,12,0,0,0
Juiced 2: Hot Import Nights,2007,68,16.61666667,15,14.61666667,0,0,0
Juiced 2: Hot Import Nights,2007,72,16.61666667,15,14.61666667,0,0,0
Juiced 2: Hot Import Nights,2007,71,16.61666667,15,14.61666667,0,0,0
Juiced 2: Hot Import Nights,2007,73,16.61666667,15,14.61666667,0,0,0
NHL 08 ,2007,85,18.75,17.5,16.25,0,0,0
NHL 08,2007,86,18.75,17.5,16.25,0,0,0
Virtua Tennis 3,2007,80,17,17,17,0,0,0
Virtua Tennis 3,2007,79,17,17,17,0,0,0
Virtua Tennis 3,2007,80,17,17,17,0,0,0
Front Mission,2007,72,24.18333333,20.3,17.4,0,0,0
Armored Core 4,2007,65,24,23,22,0,0,0
R-Type Command,2007,69,24.36666667,24.36666667,24.36666667,0,0,0
Dragoneer's Aria,2007,56,39.58333333,37.63333333,35.7,0,0,0
Chicken Shoot,2007,27,0.75,0.75,0.75,0.5,0.5,0.5
The Simpsons Game,2007,69,1.45,0.866666667,0.65,2.516666667,1,0.9
The Simpsons Game,2007,71,1.45,0.866666667,0.65,2.516666667,1,0.9
The Simpsons Game,2007,64,1.45,0.866666667,0.65,2.516666667,1,0.9
The Simpsons Game,2007,71,1.45,0.866666667,0.65,2.516666667,1,0.9
The Simpsons Game,2007,59,1.45,0.866666667,0.65,2.516666667,1,0.9
Turn It Around,2007,39,0,0,0,1,1,1
Golden Axe,2007,45,3.366666667,0.75,0.633333333,1.716666667,1.5,1.033333333
Virtua Fighter 5,2007,85,1.583333333,1.166666667,0.75,1.366666667,1.25,1.116666667
Virtua Fighter 5,2007,89,1.583333333,1.166666667,0.75,1.366666667,1.25,1.116666667
Game Party,2007,25,0,0,0,2,2,2
Alien Syndrome,2007,51,3.066666667,3.05,3.016666667,2.25,2.25,2.25
Alien Syndrome,2007,48,3.066666667,3.05,3.016666667,2.25,2.25,2.25
Link's Crossbow Training,2007,68,2.15,1.116666667,1.033333333,4.1,4.016666667,2.916666667
Dementium: The Ward,2007,72,3.966666667,4,3.733333333,5.15,3.5,3.1
Ghost Rider,2007,49,5.316666667,5.15,4.983333333,3.6,3.6,3.6
Zendoku,2007,68,0,0,0,4,4,4
TMNT,2007,58,5.466666667,4.75,3.35,6.166666667,5,4.4
TMNT,2007,60,5.466666667,4.75,3.35,6.166666667,5,4.4
Deal or No Deal,2007,20,0.166666667,0.1,0.083333333,4.416666667,4.416666667,4.416666667
Ben 10: Protector of the Earth,2007,63,5.983333333,5.133333333,3.483333333,6.483333333,4.333333333,4.45
Ben 10: Protector of the Earth,2007,60,5.983333333,5.133333333,3.483333333,6.483333333,4.333333333,4.45
Sea Monsters: A Prehistoric Adventure,2007,43,0,0,0,5,5,5
Cake Mania,2007,55,5.333333333,5.333333333,5.333333333,7.283333333,6.416666667,5.15
Castlevania: The Dracula X Chronicles,2007,80,10.93333333,7,4.166666667,5.316666667,5.316666667,5.316666667
Shrek the Third,2007,56,4,4,4,5.5,5.5,5.5
Shrek the Third,2007,70,4,4,4,5.5,5.5,5.5
Shrek the Third,2007,57,4,4,4,5.5,5.5,5.5
Shrek the Third,2007,57,4,4,4,5.5,5.5,5.5
Silent Hill: 0rigins,2007,78,8.616666667,6,4.433333333,6.5,6,5.5
Diner Dash,2007,64,4.65,4.3,3.95,6,6,6
Bee Movie Game,2007,58,6.366666667,5.916666667,5.45,6,6,6
Bee Movie Game,2007,62,6.366666667,5.916666667,5.45,6,6,6
Bee Movie Game,2007,71,6.366666667,5.916666667,5.45,6,6,6
BlackSite: Area 51,2007,62,7.816666667,5.533333333,4.583333333,7.4,6.8,6.216666667
BlackSite: Area 51,2007,56,7.816666667,5.533333333,4.583333333,7.4,6.8,6.216666667
Mario Party 8,2007,62,5.05,4,3.55,9.75,7,6.25
Orcs & Elves,2007,68,5.033333333,4.666666667,4.183333333,6.5,6.5,6.5
Ultimate Mortal Kombat 3,2007,73,1.6,1,0.616666667,10.16666667,8,6.583333333
Touch Detective 2 1/2,2007,67,6.616666667,5.65,5.366666667,7.783333333,7.35,7
Call of Duty: Roads to Victory,2007,64,6.55,4.916666667,4.133333333,7.366666667,7.25,7.133333333
Myst,2007,43,10.28333333,6.066666667,5.283333333,13.6,8.716666667,7.35
Sonic the Hedgehog,2007,46,3.416666667,2.866666667,2.166666667,10.3,8.866666667,7.433333333
Sonic the Hedgehog,2007,43,3.416666667,2.866666667,2.166666667,10.3,8.866666667,7.433333333
Rayman Raving Rabbids,2007,67,6.95,6,4.866666667,8.55,8.1,7.65
Rayman Raving Rabbids,2007,56,6.95,6,4.866666667,8.55,8.1,7.65
NBA Street Homecourt,2007,80,0,0,0,7.716666667,7.716666667,7.716666667
NBA Street Homecourt,2007,81,0,0,0,7.716666667,7.716666667,7.716666667
Kane & Lynch: Dead Men,2007,65,11.73333333,6,4.4,11.63333333,9,7.75
Kane & Lynch: Dead Men,2007,64,11.73333333,6,4.4,11.63333333,9,7.75
Mario Party DS,2007,72,13.7,6.866666667,5.2,8,8,8
F.E.A.R.: First Encounter Assault Recon,2007,72,13.25,8.416666667,6.25,17.43333333,11.86666667,8.383333333
TimeShift,2007,70,10.65,8.4,6.15,9.516666667,9,8.516666667
TimeShift,2007,70,10.65,8.4,6.15,9.516666667,9,8.516666667
Crash of the Titans,2007,73,8.733333333,7.5,5.5,9.733333333,9.216666667,8.7
Crash of the Titans,2007,69,8.733333333,7.5,5.5,9.733333333,9.216666667,8.7
Crash of the Titans,2007,65,8.733333333,7.5,5.5,9.733333333,9.216666667,8.7
Call of Juarez,2007,71,10.73333333,8,6.516666667,21.85,9.833333333,8.75
Viva Pi$?ata: Party Animals,2007,56,0,0,0,8.883333333,8.883333333,8.883333333
Dragon Ball Z: Shin Budokai - Another Road,2007,65,9.133333333,8,8.133333333,9,9,9
Crush,2007,83,5.816666667,5.8,5.166666667,9.5,9.5,9.5
Mario & Sonic at the Olympic Games,2007,67,7,7,7,10.5,10,9.5
WipEout Pulse,2007,82,9.166666667,7,6.533333333,10,10,10
Worms: Open Warfare 2,2007,81,8.25,8.25,8.25,10,10,10
Worms: Open Warfare 2,2007,80,8.25,8.25,8.25,10,10,10
Madden NFL 08,2007,85,17,17,17,10,10,10
Madden NFL 08,2007,81,17,17,17,10,10,10
Madden NFL 08,2007,76,17,17,17,10,10,10
Madden NFL 08,2007,75,17,17,17,10,10,10
Syphon Filter: Logan's Shadow,2007,85,11.5,11,10.5,11.38333333,10.76666667,10.15
Thrillville: Off the Rails,2007,70,9.083333333,8.5,6.383333333,11.3,10.75,10.18333333
Thrillville: Off the Rails,2007,73,9.083333333,8.5,6.383333333,11.3,10.75,10.18333333
Thrillville: Off the Rails,2007,72,9.083333333,8.5,6.383333333,11.3,10.75,10.18333333
Medal of Honor: Airborne,2007,73,7.616666667,6,4.083333333,11.43333333,10.75,10.55
Sonic Rush Adventure,2007,78,7.05,6,5.416666667,13.18333333,11,10.68333333
Spider-Man 3,2007,63,12.48333333,9.666666667,7.416666667,10.81666667,10.81666667,10.81666667
Spider-Man 3,2007,53,12.48333333,9.666666667,7.416666667,10.81666667,10.81666667,10.81666667
Spider-Man 3,2007,79,12.48333333,9.666666667,7.416666667,10.81666667,10.81666667,10.81666667
Spider-Man 3,2007,60,12.48333333,9.666666667,7.416666667,10.81666667,10.81666667,10.81666667
Tom Clancy's Splinter Cell: Double Agent,2007,78,15.65,11,9.65,37.16666667,11.33333333,11.21666667
Call of Duty 4: Modern Warfare,2007,94,13.43333333,7,4.433333333,31.13333333,15,11.31666667
Call of Duty 4: Modern Warfare,2007,94,13.43333333,7,4.433333333,31.13333333,15,11.31666667
Call of Duty 4: Modern Warfare,2007,75,13.43333333,7,4.433333333,31.13333333,15,11.31666667
Dragon Quest Swords: The Masked Queen and the T...,2007,65,10.13333333,8.5,7.783333333,11.31666667,11.31666667,11.31666667
Stuntman: Ignition,2007,75,7.816666667,5.266666667,5,14.51666667,15,11.68333333
Stuntman: Ignition,2007,76,7.816666667,5.266666667,5,14.51666667,15,11.68333333
Professor Layton and the Curious Village,2007,85,33.81666667,12.46666667,8.416666667,37.55,14.7,11.83333333
Tom Clancy's Rainbow Six: Vegas,2007,86,17.43333333,9,6.366666667,12,12,12
Uncharted: Drake's Fortune,2007,88,16.73333333,8.466666667,6.116666667,36.05,16.98333333,12.11666667
Ratchet & Clank: Size Matters,2007,85,10.51666667,7,5.833333333,19.28333333,17,12.31666667
Halo 3,2007,94,14.46666667,9,6.35,37.91666667,15,12.41666667
Drawn to Life,2007,73,14.36666667,14.36666667,14.36666667,12.8,12.8,12.8
The Warriors,2007,52,16.75,10.26666667,9,12.91666667,12.91666667,12.91666667
Spider-Man: Friend or Foe,2007,60,10.58333333,8,6.833333333,20.88333333,16.4,12.96666667
Spider-Man: Friend or Foe,2007,59,10.58333333,8,6.833333333,20.88333333,16.4,12.96666667
Hotel Dusk: Room 215,2007,78,18.08333333,15,12.91666667,25.35,16,12.98333333
The Settlers,2007,39,3.75,3.75,3.75,13,13,13
Zoids Assault,2007,46,11,11,11,13.1,13.1,13.1
Metroid Prime 3: Corruption,2007,90,17.1,14,11.11666667,28.43333333,18.5,13.35
Guitar Hero III: Legends of Rock,2007,85,19.05,8,5.55,25.71666667,24,13.46666667
Guitar Hero III: Legends of Rock,2007,86,19.05,8,5.55,25.71666667,24,13.46666667
Sonic and the Secret Rings,2007,69,10.78333333,9.266666667,8.133333333,13.73333333,13.73333333,13.73333333
Mega Man ZX Advent,2007,78,8.6,6.75,5.866666667,17.9,15.93333333,13.96666667
Harry Potter and the Order of the Phoenix,2007,69,14.13333333,10,7.8,17.05,15,14.05
Harry Potter and the Order of the Phoenix,2007,51,14.13333333,10,7.8,17.05,15,14.05
Harry Potter and the Order of the Phoenix,2007,68,14.13333333,10,7.8,17.05,15,14.05
Harry Potter and the Order of the Phoenix,2007,67,14.13333333,10,7.8,17.05,15,14.05
Harry Potter and the Order of the Phoenix,2007,52,14.13333333,10,7.8,17.05,15,14.05
The Darkness,2007,82,11.18333333,9.5,7.466666667,21.28333333,20,14.43333333
The Darkness,2007,80,11.18333333,9.5,7.466666667,21.28333333,20,14.43333333
Indianapolis 500 Legends,2007,51,0,0,0,14.5,14.5,14.5
Need for Speed: ProStreet,2007,72,11.18333333,10,9.083333333,18.03333333,15.86666667,14.53333333
Need for Speed: ProStreet,2007,73,11.18333333,10,9.083333333,18.03333333,15.86666667,14.53333333
Need for Speed: ProStreet,2007,61,11.18333333,10,9.083333333,18.03333333,15.86666667,14.53333333
Conan,2007,69,8.766666667,6,5.35,18.25,16.5,14.75
Conan,2007,69,8.766666667,6,5.35,18.25,16.5,14.75
Ratatouille,2007,62,9.366666667,10,5.616666667,15,15,15
Ratatouille,2007,56,9.366666667,10,5.616666667,15,15,15
Ratatouille,2007,55,9.366666667,10,5.616666667,15,15,15
Heavenly Sword,2007,79,8.483333333,7,5.983333333,15,15,15
BioShock,2007,96,21.06666667,12,8.566666667,33.43333333,20,15.16666667
Bionicle Heroes,2007,52,9.566666667,9.75,6.916666667,18.88333333,18.33333333,15.33333333
Ninja Gaiden Sigma,2007,88,19.68333333,14.15,11.15,16,16,16
Resident Evil: The Umbrella Chronicles,2007,75,10.73333333,7.25,5.666666667,30.58333333,20,16.53333333
Phoenix Wright: Ace Attorney - Trials and Tribu...,2007,81,26.66666667,20,15.5,35.68333333,23,16.68333333
Zack & Wiki: Quest for Barbaros' Treasure,2007,87,25.55,14.08333333,11.38333333,27.26666667,18,16.95
Contra 4,2007,83,17.16666667,2.116666667,2.366666667,17.75,17.5,17.25
Resident Evil 4,2007,91,27.61666667,16,10.01666667,53.25,25,17.75
Samurai Warriors 2: Empires,2007,53,8,8,8,18,18,18
Transformers: The Game,2007,52,6.066666667,5,3.916666667,18.28333333,18.28333333,18.28333333
Transformers: The Game,2007,53,6.066666667,5,3.916666667,18.28333333,18.28333333,18.28333333
Transformers: The Game,2007,54,6.066666667,5,3.916666667,18.28333333,18.28333333,18.28333333
Manhunt 2,2007,62,12.86666667,8.566666667,6.216666667,22.78333333,21.18333333,19.58333333
Manhunt 2,2007,69,12.86666667,8.566666667,6.216666667,22.78333333,21.18333333,19.58333333
No More Heroes,2007,83,12.81666667,10,7.633333333,41.83333333,24.5,19.83333333
Retro Game Challenge,2007,77,14.81666667,9.75,8.916666667,20,20,20
Unreal Tournament III,2007,86,19.36666667,10.5,7.616666667,23.58333333,23.5,20.96666667
Final Fantasy Fables: Chocobo Tales,2007,75,10.83333333,9.383333333,8.416666667,32.46666667,22.95,21.08333333
Burnout Dominator,2007,76,14,14,14,21.5,21.5,21.5
Overlord,2007,76,24.1,18.3,12.86666667,34.91666667,30.41666667,21.76666667
Sonic Rivals 2,2007,60,0,0,0,22,22,22
Guitar Hero II,2007,92,19.46666667,9,5.316666667,37.5,30,22.5
Diddy Kong Racing DS,2007,63,11.76666667,11.03333333,7.85,25.03333333,23.81666667,22.61666667
Bleach: The Blade of Fate,2007,83,6.633333333,5,4.466666667,48.25,35.5,22.75
Cooking Mama 2: Dinner with Friends,2007,70,5.6,5.133333333,5.1,22.93333333,22.93333333,22.93333333
Assassin's Creed,2007,81,23.56666667,15,10.56666667,63.25,30,22.98333333
Assassin's Creed,2007,81,23.56666667,15,10.56666667,63.25,30,22.98333333
The Legend of Zelda: Phantom Hourglass,2007,90,20.6,15.56666667,12.66666667,44.11666667,25,23.61666667
Scarface: The World is Yours,2007,71,19.45,17.13333333,14.9,34.88333333,28,23.63333333
Mortal Kombat: Armageddon,2007,71,11.15,8,7.15,31.25,27.5,23.75
Lunar Knights,2007,82,13.6,12,10.63333333,28,26,24
Spectrobes,2007,63,0,0,0,28.01666667,26.03333333,24.05
Final Fantasy,2007,67,35.55,16.95,11.96666667,46.95,33,25.45
WWE Smackdown vs. Raw 2008,2007,71,12.4,10,7.4,56.38333333,50.5,26.23333333
WWE Smackdown vs. Raw 2008,2007,74,12.4,10,7.4,56.38333333,50.5,26.23333333
WWE Smackdown vs. Raw 2008,2007,68,12.4,10,7.4,56.38333333,50.5,26.23333333
WWE Smackdown vs. Raw 2008,2007,59,12.4,10,7.4,56.38333333,50.5,26.23333333
WWE SmackDown vs. Raw 2008,2007,61,12.4,10,7.4,56.38333333,50.5,26.23333333
Brave Story: New Traveler,2007,76,26.83333333,23.83333333,20.71666667,31.01666667,26,26.28333333
Final Fantasy: Crystal Chronicles - Echoes of Time,2007,75,17.83333333,15.7,13.2,27,27,27
Dragon Ball Z: Budokai Tenkaichi 3,2007,72,16.73333333,12,9.35,37.9,30,27.06666667
Super Mario Galaxy,2007,97,25.4,15,9.733333333,62.68333333,45,28.1
Mass Effect,2007,91,69.96666667,16.5,11.53333333,121.4,40.83333333,28.53333333
Ratchet & Clank Future: Tools of Destruction,2007,89,16.6,13.36666667,10.35,44.68333333,39.5,29.68333333
Mega Man Star Force: Dragon,2007,60,18.83333333,16.61666667,15.55,33.41666667,31.95,30.46666667
DiRT,2007,83,17.45,12.88333333,9.95,47.25,38,30.75
DiRT,2007,83,17.45,12.88333333,9.95,47.25,38,30.75
Crackdown,2007,83,15.25,10,8.25,58.41666667,40,30.91666667
Final Fantasy II,2007,63,41.78333333,25,19.16666667,72.38333333,44.13333333,31.65
Disney Pirates of the Caribbean: At World's End,2007,66,6.433333333,5.916666667,5.433333333,31.9,31.9,31.9
Disney Pirates of the Caribbean: At World's End,2007,55,6.433333333,5.916666667,5.433333333,31.9,31.9,31.9
LEGO Star Wars: The Complete Saga,2007,80,27.16666667,14,11,49.81666667,39.5,32.38333333
LEGO Star Wars: The Complete Saga,2007,80,27.16666667,14,11,49.81666667,39.5,32.38333333
LEGO Star Wars: The Complete Saga,2007,80,27.16666667,14,11,49.81666667,39.5,32.38333333
LEGO Star Wars: The Complete Saga,2007,80,27.16666667,14,11,49.81666667,39.5,32.38333333
Rondo of Swords,2007,69,19.86666667,17.35,16.86666667,39.75,36.5,33.25
SEGA Rally Revo,2007,77,0,0,0,34,34,34
SEGA Rally Revo,2007,75,0,0,0,34,34,34
SEGA Rally Revo,2007,74,0,0,0,34,34,34
Enchanted Arms,2007,64,25.26666667,21.83333333,20.06666667,74.95,47.45,34.36666667
Shadowrun,2007,66,28.35,20,15.26666667,55.25,37.5,34.5
Command & Conquer 3: Tiberium Wars,2007,82,29.4,24,17.46666667,41.43333333,37.5,35.43333333
The Elder Scrolls IV: Shivering Isles,2007,86,15.31666667,10,9.483333333,63.01666667,52.86666667,35.51666667
Dragon Quest IV: Chapters of the Chosen,2007,80,38.31666667,26.65,22.5,54.23333333,40.05,35.51666667
Folklore,2007,75,22.11666667,13.1,12.25,45.56666667,41.13333333,36.7
Super Paper Mario,2007,85,20.36666667,18,15.23333333,64.31666667,48.43333333,36.81666667
Heroes of Mana,2007,66,17.03333333,17.03333333,17.03333333,37,37,37
Final Fantasy XII: Revenant Wings,2007,81,34.86666667,30.1,24.86666667,76.53333333,51.71666667,39.18333333
FlatOut: Ultimate Carnage,2007,80,21.93333333,14.5,13.18333333,41.21666667,40.8,40.4
Rock Band,2007,92,9.833333333,7.75,6.333333333,42,42,42
Rock Band,2007,92,9.833333333,7.75,6.333333333,42,42,42
Warriors Orochi,2007,53,12.86666667,10.25,7.616666667,42,42,42
Final Fantasy IV,2007,85,50.06666667,31.08333333,22.06666667,68.25,52,42.7
Luminous Arc,2007,70,27.48333333,21.75,19.98333333,57.85,55.73333333,43.85
The BIGS,2007,66,11.7,0.533333333,2.033333333,46.68333333,46.68333333,46.68333333
The BIGS,2007,79,11.7,0.533333333,2.033333333,46.68333333,46.68333333,46.68333333
The BIGS,2007,80,11.7,0.533333333,2.033333333,46.68333333,46.68333333,46.68333333
The BIGS,2007,72,11.7,0.533333333,2.033333333,46.68333333,46.68333333,46.68333333
Puzzle Quest: Challenge of the Warlords,2007,82,47.5,35,29,62.63333333,56,47.63333333
Puzzle Quest: Challenge of the Warlords,2007,84,47.5,35,29,62.63333333,56,47.63333333
Eternal Sonata,2007,79,43.16666667,30,20.78333333,132.85,60.76666667,48.85
Fire Emblem: Radiant Dawn,2007,78,55.75,42,27.58333333,62.61666667,55,49.61666667
Two Worlds,2007,50,27.23333333,15.75,13.73333333,79.61666667,60,52.11666667
Picross DS,2007,83,45.16666667,38.35,34.46666667,143.95,60,56.95
The Orange Box,2007,96,31.35,28.75,22.55,133.5,54.5,58
Jeanne d'Arc,2007,87,36.61666667,30.91666667,24.11666667,74,68,62
Forza Motorsport 2,2007,90,57.06666667,54.2,50.06666667,78.96666667,67.38333333,63.56666667
The Legend of Heroes III: Song of the Ocean,2007,58,52.45,35,37.25,65,65,65
Pokmon Mystery Dungeon: Explorers of Darkness,2007,59,30.65,20.85,18.2,80.55,81.13333333,66.55
Pokmon Mystery Dungeon: Explorers of Time,2007,59,30.65,20.85,18.2,80.55,81.13333333,66.55
Final Fantasy Tactics,2007,88,64.11666667,38,25.81666667,112.8666667,84,67.86666667
Pro Evolution Soccer 2008,2007,76,0,0,0,82.3,78.2,74.1
Pro Evolution Soccer 2008,2007,74,0,0,0,82.3,78.2,74.1
Etrian Odyssey,2007,75,56.75,50,45.25,113.6833333,84.15,74.56666667
Dynasty Warriors: Gundam,2007,60,42.93333333,37.06666667,21.63333333,116.6,101,80.5
Dynasty Warriors: Gundam,2007,55,42.93333333,37.06666667,21.63333333,116.6,101,80.5
Final Fantasy Tactics A2: Grimoire of the Rift,2007,80,52.08333333,50,33.68333333,148.1833333,110.25,81.85
Lost Odyssey,2007,78,62.51666667,50,40.26666667,141.1333333,97.9,89.38333333
The World Ends With You,2007,88,45.33333333,25,19.03333333,242.8333333,125.4333333,90.95
Kingdom Under Fire: Circle of Doom,2007,55,9.5,9,8.5,275.8333333,119,92.83333333
Test Drive Unlimited,2007,80,32.01666667,30,24.51666667,132.1666667,100,93.16666667
Beautiful Katamari,2007,73,8.283333333,6,4.133333333,100,100,100
The Elder Scrolls IV: Oblivion,2007,93,99.2,24,14.95,335.0333333,185,116
Disgaea: Afternoon of Darkness,2007,87,75.51666667,40.8,22.43333333,533.45,150.7166667,178.95
Monster Hunter Freedom 2,2007,72,38,38,38,453.1333333,453.1333333,453.1333333
Madden NFL 07,2006,80,0,0,0,0,0,0
The Sims 2: Pets,2006,49,0,0,0,0,0,0
SOCOM: U.S. Navy SEALs - Fireteam Bravo 2,2006,81,0,0,0,0,0,0
Madden NFL 07,2006,78,0,0,0,0,0,0
Monster 4x4: World Circuit,2006,51,0,0,0,0,0,0
NCAA Football 07,2006,79,0,0,0,0,0,0
SEGA Genesis Collection,2006,82,0,0,0,0,0,0
NBA Live 07,2006,64,0,0,0,0,0,0
Madden NFL 07,2006,76,0,0,0,0,0,0
Madden NFL 07,2006,81,0,0,0,0,0,0
NBA LIVE 07 ,2006,59,0,0,0,0,0,0
Blazing Angels: Squadrons of WWII,2006,66,0,0,0,0,0,0
NCAA Football 07,2006,75,0,0,0,0,0,0
MLB 06: The Show,2006,83,0,0,0,0,0,0
Blazing Angels: Squadrons of WWII,2006,67,0,0,0,0,0,0
Capcom Classics Collection Reloaded,2006,75,0,0,0,0,0,0
NFL Street 3,2006,68,0,0,0,0,0,0
NBA 07,2006,63,0,0,0,0,0,0
Tony Hawk's Downhill Jam,2006,76,0,0,0,0,0,0
The Sims 2: Pets,2006,57,0,0,0,0,0,0
Thrillville,2006,72,0,0,0,0,0,0
College Hoops 2K7,2006,82,0,0,0,0,0,0
Over G Fighters,2006,49,0,0,0,0,0,0
Final Fantasy XI Online,2006,66,0,0,0,0,0,0
Valhalla Knights,2006,53,0,0,0,0,0,0
Bust-a-Move Deluxe,2006,73,0,0,0,0,0,0
Untold Legends: The Warrior's Code,2006,65,0,0,0,0,0,0
Super Swing Golf,2006,72,0,0,0,0,0,0
MotoGP '06,2006,80,0,0,0,0,0,0
Cabela's African Safari,2006,53,0,0,0,0,0,0
NASCAR 07,2006,66,0,0,0,0,0,0
Kororinpa: Marble Mania,2006,69,0,0,0,0,0,0
Innocent Life: A Futuristic Harvest Moon,2006,67,0,0,0,0,0,0
Power Stone Collection,2006,74,0,0,0,0,0,0
EA Replay,2006,56,0,0,0,0,0,0
Far Cry: Vengeance,2006,38,0,0,0,0,0,0
Mercury Meltdown,2006,78,0,0,0,0,0,0
MTX Mototrax,2006,67,0,0,0,0,0,0
Super Monkey Ball Adventure,2006,56,0,0,0,0,0,0
Star Trek: Tactical Assault,2006,63,0,0,0,0,0,0
Ford Bold Moves Street Racing,2006,52,0,0,0,0,0,0
Bomberman: Act Zero,2006,34,0,0,0,0,0,0
B-Boy,2006,50,0,0,0,0,0,0
BattleZone,2006,57,0,0,0,0,0,0
Bounty Hounds,2006,63,0,0,0,0,0,0
Bubble Bobble Evolution,2006,47,0,0,0,0,0,0
Warhammer: Battle for Atluma,2006,55,0,0,0,0,0,0
Dungeon Maker: Hunting Ground,2006,70,0,0,0,0,0,0
Star Trek: Tactical Assault,2006,64,0,0,0,0,0,0
Micro Machines V4,2006,61,0,0,0,0,0,0
Point Blank DS,2006,66,2.5,0.15,0.3,0,0,0
Guilty Gear: Dust Strikers,2006,60,0.316666667,0.316666667,0.316666667,0,0,0
Happy Feet,2006,46,0.666666667,0.666666667,0.666666667,0,0,0
Dead or Alive: Xtreme 2,2006,53,1,1,1,0,0,0
Platypus,2006,59,1.666666667,1.25,1.2,0,0,0
Pac-Man World Rally,2006,51,3.866666667,2.75,1.616666667,0,0,0
Gitaroo Man Lives!,2006,80,3.55,1.883333333,1.633333333,0,0,0
Street Fighter Alpha 3 MAX,2006,80,2,2,2,0,0,0
Star Fox Command,2006,76,5.066666667,3,2.066666667,0,0,0
Mega Man Powered Up,2006,82,3.433333333,3,2.133333333,0,0,0
Wii Play,2006,58,5.016666667,4,2.883333333,0,0,0
Mario vs. Donkey Kong 2: March of the Minis,2006,76,4.416666667,4.316666667,3.333333333,0,0,0
Mario Hoops 3 on 3,2006,69,3.5,3.5,3.5,0,0,0
The Ant Bully,2006,45,3.566666667,3.566666667,3.566666667,0,0,0
OutRun 2006: Coast 2 Coast,2006,82,7.116666667,4,3.783333333,0,0,0
Super Monkey Ball: Banana Blitz,2006,74,6.916666667,5.4,4.166666667,0,0,0
Project Sylpheed: Arc of Deception,2006,64,8.666666667,4,4.25,0,0,0
Medal of Honor: Heroes,2006,71,5.483333333,5,4.366666667,0,0,0
Def Jam Fight for NY: The Takeover,2006,79,5.566666667,5.15,4.683333333,0,0,0
Viewtiful Joe: Red Hot Rumble,2006,63,4.8,4.8,4.8,0,0,0
Family Guy Video Game!,2006,51,7.483333333,5.883333333,4.983333333,0,0,0
Rampage: Total Destruction,2006,46,5,5,5,0,0,0
Full Auto,2006,70,5,5,5,0,0,0
Ice Age 2: The Meltdown,2006,66,5,5,5,0,0,0
Star Wars: Lethal Alliance,2006,61,6.216666667,5,5.166666667,0,0,0
007: From Russia with Love,2006,61,6.65,6.266666667,5.816666667,0,0,0
Rockstar Games presents Table Tennis,2006,81,6,6,6,0,0,0
Snoopy vs. the Red Baron,2006,76,6,6,6,0,0,0
Death Jr. II: Root of Evil,2006,68,6.016666667,6.016666667,6.016666667,0,0,0
Elebits,2006,75,9.25,9,6.3,0,0,0
Tenchu: Dark Secret,2006,37,7.8,7.1,6.4,0,0,0
Yoshi's Island DS,2006,81,10.48333333,9.166666667,6.683333333,0,0,0
Cooking Mama,2006,67,10.9,7,6.783333333,0,0,0
MechAssault: Phantom War,2006,66,8.116666667,7,6.866666667,0,0,0
Red Steel,2006,63,9.966666667,8.25,7.366666667,0,0,0
MotoGP,2006,69,7.5,7.5,7.5,0,0,0
NBA 2K7 ,2006,84,8.766666667,8.183333333,7.583333333,0,0,0
NBA 2K7,2006,80,8.766666667,8.183333333,7.583333333,0,0,0
Tom Clancy's Ghost Recon: Advanced Warfighter,2006,90,9.35,8.75,7.883333333,0,0,0
The Outfit,2006,70,8,8,8,0,0,0
Brothers in Arms: D-Day,2006,65,8,8,8,0,0,0
Magnetica,2006,68,9.933333333,9.933333333,9.933333333,0,0,0
Tiger Woods PGA Tour 07,2006,80,10,10,10,0,0,0
Tiger Woods PGA Tour 07,2006,81,10,10,10,0,0,0
Tiger Woods PGA Tour 07,2006,78,10,10,10,0,0,0
Top Spin 2,2006,75,10,10,10,0,0,0
Gradius Collection,2006,76,10,10,10,0,0,0
Samurai Warriors: State of War,2006,64,10.5,10.5,10.5,0,0,0
Genji: Days of the Blade,2006,55,18.06666667,12,10.83333333,0,0,0
Every Extend Extra,2006,74,12,12,12,0,0,0
Field Commander,2006,77,14.43333333,13.88333333,13.31666667,0,0,0
Deep Labyrinth,2006,57,13.56666667,13.56666667,13.56666667,0,0,0
Blitz: The League,2006,69,15,15,15,0,0,0
Lumines II,2006,81,15,15,15,0,0,0
Bomberman Land Touch!,2006,78,15,15,15,0,0,0
Tony Hawk's Project 8,2006,68,17.73333333,17,15.15,0,0,0
Tony Hawk's Project 8,2006,81,17.73333333,17,15.15,0,0,0
Tony Hawk's Project 8,2006,76,17.73333333,17,15.15,0,0,0
Riviera: The Promised Land,2006,68,28.31666667,24.53333333,21.08333333,0,0,0
Armored Core 4,2006,65,24,23,22,0,0,0
Tao's Adventure: Curse of the Demon Seal,2006,50,45,45,45,0,0,0
College Hoops 2K6,2006,70,0,0,0,1.783333333,1.566666667,1.333333333
Avatar: The Last Airbender,2006,64,6.583333333,6,3.5,6.016666667,4,2.183333333
Avatar: The Last Airbender,2006,57,6.583333333,6,3.5,6.016666667,4,2.183333333
Metal Gear Solid: Digital Graphic Novel,2006,78,3.416666667,3.033333333,3.083333333,3,3,3
PaRappa the Rapper,2006,67,1.85,1.116666667,0.933333333,3.3,3.3,3.3
Master of Illusion,2006,69,0,0,0,4.516666667,4.1,3.666666667
Pirates of the Caribbean: Dead Man's Chest,2006,52,2.116666667,2.083333333,2.033333333,3.75,3.75,3.75
Pirates of the Caribbean: Dead Man's Chest,2006,63,2.116666667,2.083333333,2.033333333,3.75,3.75,3.75
Kirby: Squeak Squad,2006,71,5.883333333,4,3.033333333,9.283333333,6.2,3.816666667
WarioWare: Smooth Moves,2006,83,6.316666667,2.5,1.783333333,10.41666667,8,5.25
Major League Baseball 2K6,2006,66,0,0,0,9.9,8,5.4
Major League Baseball 2K6,2006,69,0,0,0,9.9,8,5.4
Open Season,2006,72,3.783333333,3.5,3.533333333,9.016666667,8.5,5.766666667
Open Season,2006,59,3.783333333,3.5,3.533333333,9.016666667,8.5,5.766666667
Open Season,2006,49,3.783333333,3.5,3.533333333,9.016666667,8.5,5.766666667
SBK: Snowboard Kids,2006,63,0,0,0,6.716666667,6.316666667,5.9
SpongeBob Squarepants: Creature from the Krusty Krab,2006,57,6.8,5.333333333,5.25,9.35,7.666666667,6.166666667
Alex Rider: Stormbreaker,2006,48,0,0,0,6.5,6.5,6.5
Monster House,2006,62,0,0,0,6.666666667,6.666666667,6.666666667
Touch Detective,2006,60,6.983333333,6,5.316666667,9.583333333,8,7.116666667
LostMagic,2006,68,14,13,12,19.61666667,9.933333333,7.5
Fight Night Round 3,2006,86,13,11,10,12.26666667,10.5,7.533333333
Fight Night Round 3,2006,83,13,11,10,12.26666667,10.5,7.533333333
Fight Night Round 3,2006,74,13,11,10,12.26666667,10.5,7.533333333
Rayman Raving Rabbids,2006,76,6.95,6,4.866666667,8.55,8.1,7.65
Call of Duty 3,2006,82,12.06666667,8,6.566666667,12.2,10,7.733333333
Call of Duty 3,2006,69,12.06666667,8,6.566666667,12.2,10,7.733333333
Call of Duty 3,2006,80,12.06666667,8,6.566666667,12.2,10,7.733333333
Metal Slug Anthology,2006,73,10.16666667,6,4.833333333,9.25,8.5,7.75
Gunpey DS,2006,70,0,0,0,8,8,8
NHL 07 ,2006,79,10,10,10,8,8,8
NHL 07,2006,76,10,10,10,8,8,8
F.E.A.R.: First Encounter Assault Recon,2006,85,13.25,8.416666667,6.25,17.43333333,11.86666667,8.383333333
Killzone: Liberation,2006,77,9.866666667,7.9,6.666666667,10.31666667,9.533333333,8.766666667
Resident Evil: Deadly Silence,2006,71,6.983333333,6,4.616666667,11.63333333,10.28333333,8.933333333
Fuzion Frenzy 2,2006,49,2.116666667,1.75,1.366666667,9,9,9
Star Trek Legacy,2006,64,10.7,11,8.1,9,9,9
Prey,2006,79,9.866666667,7.95,6.05,18.93333333,12,9.15
Eragon,2006,63,6.35,6,4.233333333,13.91666667,10,9.416666667
Eragon,2006,59,6.35,6,4.233333333,13.91666667,10,9.416666667
Eragon,2006,48,6.35,6,4.233333333,13.91666667,10,9.416666667
Lost Planet: Extreme Condition,2006,79,13.26666667,8.483333333,6.35,15.6,9.7,9.8
Worms: Open Warfare,2006,70,8.25,8.25,8.25,10,10,10
Worms: Open Warfare,2006,64,8.25,8.25,8.25,10,10,10
X-Men: The Official Game,2006,52,13.25,12.5,11.75,12.13333333,12.25,10.48333333
X-Men: The Official Game,2006,50,13.25,12.5,11.75,12.13333333,12.25,10.48333333
New Super Mario Bros.,2006,89,14.15,7,4.8,24.98333333,15.5,10.68333333
Spider-Man 3,2006,58,12.48333333,9.666666667,7.416666667,10.81666667,10.81666667,10.81666667
Lara Croft Tomb Raider: Legend,2006,58,12.5,7.416666667,6.05,22.95,16,10.95
Tom Clancy's Splinter Cell: Double Agent,2006,85,15.65,11,9.65,37.16666667,11.33333333,11.21666667
Tom Clancy's Splinter Cell: Double Agent,2006,61,15.65,11,9.65,37.16666667,11.33333333,11.21666667
Scurge: Hive,2006,70,13.3,9.583333333,8.466666667,14.78333333,13.35,11.91666667
Tom Clancy's Rainbow Six: Vegas,2006,88,17.43333333,9,6.366666667,12,12,12
Daxter,2006,85,8.683333333,7.566666667,5.716666667,16.91666667,14.5,12.21666667
Ace Combat X: Skies of Deception,2006,75,6.483333333,3.75,2.816666667,12.5,12.5,12.5
Full Auto 2: Battlelines,2006,67,8.866666667,8.75,8.616666667,12.5,12.5,12.5
Ys VI: The Ark of Napishtim,2006,64,21.83333333,13,10.58333333,22.45,15.5,12.85
Ultimate Ghosts 'N' Goblins,2006,72,4.216666667,3.5,2.45,12.95,12.95,12.95
Lemmings,2006,76,23.01666667,21.61666667,16.51666667,13.6,13.6,13.6
Metroid Prime: Hunters,2006,85,11.85,8.633333333,6.7,16.88333333,15.25,13.61666667
Phoenix Wright: Ace Attorney - Justice for All,2006,76,30.28333333,17.5,13.65,27.36666667,19.78333333,13.86666667
Hitman: Blood Money,2006,82,16.45,12,7.45,32.55,18.9,13.9
Gears of War,2006,94,12.88333333,9,6.533333333,111,15,14.5
MotorStorm,2006,82,15.2,15,12.2,18.96666667,15,14.55
Cartoon Network Racing,2006,55,0,0,0,14.86666667,14.86666667,14.86666667
Over the Hedge,2006,71,2,2,2,15,15,15
Bullet Witch,2006,55,8.133333333,6.283333333,4.633333333,15,15,15
Syphon Filter: Dark Mirror,2006,87,7.333333333,7,6.2,15,15,15
Bionicle Heroes,2006,72,9.566666667,9.75,6.916666667,18.88333333,18.33333333,15.33333333
Bionicle Heroes,2006,59,9.566666667,9.75,6.916666667,18.88333333,18.33333333,15.33333333
Mega Man ZX,2006,76,11.95,8.95,6.933333333,16.45,15.96666667,15.48333333
SpongeBob SquarePants: The Yellow Avenger,2006,48,8,8,8,15.7,15.7,15.7
Trauma Center: Second Opinion,2006,80,11.63333333,8.5,6.45,16,16,16
Resistance: Fall of Man,2006,86,14.93333333,12,8.933333333,21.68333333,17.5,16.01666667
Xiaolin Showdown,2006,44,6,6,6,16.38333333,16.38333333,16.38333333
Astonishia Story,2006,48,19.15,19.15,19.15,16.73333333,16.73333333,16.73333333
Dungeon Siege: Throne of Agony,2006,74,17.6,17.21666667,16.83333333,16.83333333,16.83333333,16.83333333
The Godfather: The Game,2006,77,15.48333333,15,9.15,33.63333333,29,17.41666667
LocoRoco,2006,83,9.133333333,5,4.1,18.66666667,18.66666667,18.66666667
Contact,2006,73,13.56666667,11.73333333,9.35,23.03333333,21.76666667,18.86666667
Gurumin: A Monstrous Adventure,2006,78,10.26666667,9.4,8.416666667,19,19,19
Castlevania: Portrait of Ruin,2006,85,15.75,10.53333333,7.5,31.5,23.9,19.25
The Lord of the Rings: The Battle for Middle Ea...,2006,79,19.3,14.5,12.8,38.2,25,19.46666667
Superman Returns,2006,51,7,7,7,23.55,22.5,19.48333333
Cabela's Alaskan Adventures,2006,48,0,0,0,20,20,20
Sonic Rivals,2006,64,6.533333333,6,5.75,20,20,20
Far Cry: Instincts - Predator,2006,78,16.63333333,14.98333333,14.85,20,20,20
Need for Speed: Carbon,2006,77,15.4,13,8.866666667,25.16666667,20,20.16666667
Need for Speed: Carbon,2006,75,15.4,13,8.866666667,25.16666667,20,20.16666667
Need for Speed: Carbon,2006,67,15.4,13,8.866666667,25.16666667,20,20.16666667
Elite Beat Agents,2006,87,6.033333333,4,2.533333333,38.85,35,20.35
Need for Speed: Carbon - Own the City,2006,73,15.71666667,15.71666667,15.71666667,20.35,20.35,20.35
Need for Speed: Carbon - Own the City,2006,70,15.71666667,15.71666667,15.71666667,20.35,20.35,20.35
Marvel Ultimate Alliance,2006,82,20.63333333,12.36666667,9.3,30.05,24.81666667,20.73333333
Marvel Ultimate Alliance,2006,73,20.63333333,12.36666667,9.3,30.05,24.81666667,20.73333333
Marvel Ultimate Alliance,2006,81,20.63333333,12.36666667,9.3,30.05,24.81666667,20.73333333
Marvel Ultimate Alliance,2006,78,20.63333333,12.36666667,9.3,30.05,24.81666667,20.73333333
Justice League Heroes,2006,72,5,5,5,21.1,21.1,21.1
Justice League Heroes,2006,43,5,5,5,21.1,21.1,21.1
LEGO Star Wars II: The Original Trilogy,2006,47,16,12,8.3,37.61666667,26.61666667,23.61666667
LEGO Star Wars II: The Original Trilogy,2006,83,16,12,8.3,37.61666667,26.61666667,23.61666667
LEGO Star Wars II: The Original Trilogy,2006,81,16,12,8.3,37.61666667,26.61666667,23.61666667
Excite Truck,2006,72,7,7,7,24.83333333,25,23.83333333
Just Cause,2006,73,13.18333333,8.116666667,6.033333333,39.36666667,28,24.31666667
Dragon Ball Z: Budokai Tenkaichi 2,2006,72,12.81666667,10,10.3,35.96666667,25,24.71666667
Pokmon Ranger,2006,69,16.76666667,12.56666667,9.916666667,48.16666667,34.66666667,25.38333333
FIFA Street 2,2006,58,19.75,19.5,19.25,38.03333333,30.36666667,25.53333333
Dynasty Warriors 5: Empires,2006,61,14.55,14,13.9,83.23333333,30,25.73333333
Children of Mana,2006,65,24.43333333,15,14.16666667,31.08333333,28.93333333,25.75
Untold Legends: Dark Kingdom,2006,58,0,0,0,28,28,28
Blade Dancer: Lineage of Light,2006,60,29.86666667,29.75,29.61666667,28.35,28.35,28.35
Metal Gear Solid: Portable Ops,2006,87,17.31666667,11.58333333,8.65,30,30,30
Tetris DS,2006,84,16.93333333,17,16.55,35.25,33.5,31.75
Magical Starsign,2006,69,30.98333333,25.83333333,23.73333333,34,34,34
Enchanted Arms,2006,69,25.26666667,21.83333333,20.06666667,74.95,47.45,34.36666667
The Legend of Heroes II: Prophecy of the Moonli...,2006,63,26.03333333,20.61666667,20.08333333,35,35,35
Tekken: Dark Resurrection,2006,88,2.55,2.366666667,2.183333333,35.11666667,35.08333333,35.03333333
Digimon World DS,2006,49,24.41666667,25,17.95,37,37,37
Saints Row,2006,81,22.21666667,17,15.68333333,98.35,47.81666667,37.1
Grand Theft Auto: Vice City Stories,2006,86,27.83333333,16.3,12.73333333,52.96666667,46.25,37.96666667
Rune Factory: A Fantasy Harvest Moon,2006,78,0,0,0,38,38,38
The Legend of Zelda: Twilight Princess,2006,95,58.95,37,28.41666667,77.45,54.53333333,38.95
Age of Empires: The Age of Kings,2006,80,73.03333333,46,29.03333333,83.1,70,39.1
Valkyrie Profile: Lenneth,2006,80,44.28333333,29.98333333,26.8,72.21666667,40.11666667,39.41666667
Import Tuner Challenge,2006,54,25,25,25,40,40,40
Dead Rising,2006,85,15.4,10.53333333,6.9,75.13333333,45,43.33333333
Mystery Dungeon: Shiren the Wanderer,2006,69,22,22,22,44,44,44
Onechanbara: Bikini Samurai Squad,2006,39,7.633333333,5,4.566666667,44.11666667,44.11666667,44.11666667
Mortal Kombat: Unchained,2006,70,4.7,1.75,1.45,45,45,45
Viva Pi$?ata,2006,84,19.25,19,16.25,58.25,50,47.58333333
Custom Robo Arena,2006,74,20.48333333,19.11666667,16.98333333,48,48,48
Ridge Racer 7,2006,78,10,10,10,50,50,50
WWE SmackDown vs. Raw 2007,2006,81,9.433333333,9,8.216666667,64.51666667,50.48333333,50.66666667
WWE SmackDown vs. Raw 2007,2006,78,9.433333333,9,8.216666667,64.51666667,50.48333333,50.66666667
Samurai Warriors 2,2006,52,30,30,30,55.86666667,50.11666667,50.86666667
Tenchu Z,2006,56,21.16666667,20.88333333,20.41666667,66.5,67,51.5
Phantasy Star Universe,2006,64,34.13333333,26.81666667,22.63333333,58.75,55.5,52.25
Dragon Quest Monsters: Joker,2006,75,39.55,37.3,30.41666667,74.95,63.63333333,52.31666667
Earth Defense Force 2017,2006,69,12.45,10,8.633333333,60.75,60.5,60.25
Winning Eleven: Pro Evolution Soccer 2007,2006,80,10,10,10,64,64,64
Pokmon Battle Revolution,2006,53,18.5,13,9.583333333,65.71666667,65.71666667,65.71666667
Final Fantasy III,2006,77,44.05,25.9,20.6,118.6166667,87.26666667,69.73333333
Chromehounds,2006,71,10,10,10,72,72,72
Harvest Moon DS,2006,67,54.8,45.13333333,32.8,75,75,75
Rumble Roses XX,2006,62,0,0,0,168.25,156,85.75
Blue Dragon,2006,79,52.9,46.03333333,37.26666667,110.8,103,88.86666667
Test Drive Unlimited,2006,82,32.01666667,30,24.51666667,132.1666667,100,93.16666667
WarTech: Senko no Ronde,2006,60,1.116666667,1,0.583333333,101,101,101
The Elder Scrolls IV: Oblivion,2006,94,99.2,24,14.95,335.0333333,185,116
Pokmon Diamond,2006,85,77.13333333,41.91666667,25.51666667,468.3166667,220,163.5333333
Pokmon Pearl,2006,85,77.13333333,41.91666667,25.51666667,468.3166667,220,163.5333333
Monster Hunter Freedom,2006,71,60,60,60,691.5666667,683.1333333,674.7
Zoo Tycoon DS,2005,44,0,0,0,0,0,0
Twisted Metal: Head-On,2005,79,0,0,0,0,0,0
ATV Offroad Fury: Blazin' Trails,2005,63,0,0,0,0,0,0
NFL Street 2,2005,73,0,0,0,0,0,0
Tiger Woods PGA Tour 06,2005,71,0,0,0,0,0,0
Capcom Classics Collection Remixed,2005,72,0,0,0,0,0,0
Pinball Hall of Fame: The Gottlieb Collection,2005,73,0,0,0,0,0,0
Tony Hawk's American Sk8land,2005,84,0,0,0,0,0,0
MVP Baseball,2005,67,0,0,0,0,0,0
Tiger Woods PGA Tour,2005,78,0,0,0,0,0,0
World Series of Poker,2005,37,0,0,0,0,0,0
SSX on Tour,2005,79,0,0,0,0,0,0
Tiger Woods PGA Tour 06,2005,80,0,0,0,0,0,0
Virtua Tennis: World Tour,2005,84,0,0,0,0,0,0
Prince of Persia: Revelations,2005,65,0,0,0,0,0,0
The Con,2005,63,0,0,0,0,0,0
Kingdom of Paradise,2005,72,0,0,0,0,0,0
Break 'em All,2005,68,0,0,0,0,0,0
Retro Atari Classics,2005,51,0,0,0,0,0,0
True Swing Golf,2005,66,0,0,0,0,0,0
FIFA Soccer,2005,73,0,0,0,0,0,0
ATV Quad Frenzy,2005,35,0,0,0,0,0,0
Frogger: Helmet Chaos,2005,66,0,0,0,0,0,0
Gretzky NHL,2005,61,0,0,0,0,0,0
Bust-a-Move DS,2005,75,0,0,0,0,0,0
GripShift,2005,70,0,0,0,0,0,0
PQ: Practical Intelligence Quotient,2005,69,0,0,0,0,0,0
Ghost in the Shell: Stand Alone Complex,2005,61,0,0,0,0,0,0
Dig Dug: Digging Strike,2005,65,0,0,0,0,0,0
Frogger: Helmet Chaos,2005,69,0,0,0,0,0,0
Sega Casino,2005,61,0,0,0,0,0,0
Bubble Bobble Revolution,2005,38,0,0,0,0,0,0
Space Invaders Revolution,2005,49,0,0,0,0,0,0
Super Monkey Ball: Touch & Roll,2005,63,2.166666667,0.466666667,0.4,0,0,0
Shrek SuperSlam,2005,56,1.666666667,1.5,0.9,0,0,0
Nanostray,2005,71,1.733333333,1.2,1.233333333,0,0,0
The Rub Rabbits!,2005,68,2.166666667,2.166666667,2.166666667,0,0,0
Bomberman,2005,75,4.133333333,3.2,2.633333333,0,0,0
"The Chronicles of Narnia: The Lion, the Witch a...",2005,65,5.516666667,2.45,2.666666667,0,0,0
Pokmon Trozei!,2005,74,4.033333333,2.933333333,2.85,0,0,0
Yoshi Touch & Go,2005,73,3,3,3,0,0,0
Death Jr.,2005,61,3.533333333,3.533333333,3.533333333,0,0,0
Marvel Nemesis: Rise of the Imperfects ,2005,58,4.633333333,4.166666667,3.966666667,0,0,0
Marvel Nemesis: Rise of the Imperfects ,2005,34,4.633333333,4.166666667,3.966666667,0,0,0
NBA Live 06,2005,80,4,4,4,0,0,0
NBA LIVE 06 ,2005,64,4,4,4,0,0,0
NBA 06,2005,72,4,4,4,0,0,0
Madagascar,2005,66,6.066666667,5,4.316666667,0,0,0
Rengoku: The Tower of Purgatory,2005,43,5.083333333,4.716666667,4.35,0,0,0
Teenage Mutant Ninja Turtles 3: Mutant Nightmare,2005,58,4.5,4.5,4.5,0,0,0
Coded Arms,2005,59,4.9,4.816666667,4.733333333,0,0,0
WipEout Pure,2005,88,9.666666667,6,4.983333333,0,0,0
Viewtiful Joe: Double Trouble!,2005,73,5.533333333,5,4.983333333,0,0,0
The Lord of the Rings: Tactics,2005,64,5,5,5,0,0,0
GoldenEye: Rogue Agent,2005,58,13.46666667,8.5,5.8,0,0,0
Exit,2005,77,6,6,6,0,0,0
Infected,2005,74,7,6.666666667,6.333333333,0,0,0
Battlefield 2: Modern Combat,2005,77,6.95,6.666666667,6.516666667,0,0,0
Battles of Prince of Persia,2005,64,10.38333333,8,6.616666667,0,0,0
Ridge Racer 6,2005,74,8,8,8,0,0,0
Scooby-Doo! Unmasked,2005,60,8,8,8,0,0,0
Pac-Man World 3,2005,61,8,8,8,0,0,0
Tokobot,2005,72,8.7,8.366666667,8.2,0,0,0
SOCOM: U.S. Navy SEALs - Fireteam Bravo,2005,82,8.583333333,8.583333333,8.583333333,0,0,0
Pursuit Force,2005,75,9.933333333,10,9.433333333,0,0,0
Need for Speed: Most Wanted 5-1-0,2005,72,13.08333333,12.16666667,11.25,0,0,0
Metal Gear Ac!d 2,2005,80,14.9,14.2,12.03333333,0,0,0
Fullmetal Alchemist: Dual Sympathy,2005,58,14.5,14,13.5,0,0,0
Untold Legends: Brotherhood of the Blade,2005,68,20,20,20,0,0,0
Electroplankton,2005,71,0.55,0.5,0.266666667,0.5,0.5,0.5
NBA 2K6 ,2005,81,0,0,0,0.7,0.533333333,0.533333333
Brain Age: Train Your Brain in Minutes a Day!,2005,77,1.483333333,1,0.633333333,1,1,1
Brain Agey: More Training in Minutes a Day!,2005,77,12.06666667,1,2.483333333,1,1,1
NHL 2K6 ,2005,75,0,0,0,3,2.5,2.016666667
Madden NFL 06,2005,75,0,0,0,5.366666667,3.75,2.116666667
Madden NFL 06,2005,74,0,0,0,5.366666667,3.75,2.116666667
Madden NFL 06,2005,66,0,0,0,5.366666667,3.75,2.116666667
Mega Man Maverick Hunter X,2005,79,4.433333333,4,3.516666667,11.26666667,7.666666667,4.116666667
Dead to Rights: Reckoning,2005,54,2.533333333,2.15,1.783333333,5,5,5
Star Wars: Episode III - Revenge of the Sith,2005,73,5.216666667,5,3.9,6.683333333,6.5,5.85
Spyro: Shadow Legacy,2005,50,3.25,2.516666667,1.766666667,6,6,6
Peter Jackson's King Kong: The Official Game of...,2005,80,8.383333333,7,5.383333333,8.983333333,8,6.55
Trauma Center: Under the Knife,2005,81,9.916666667,8,6.65,11.56666667,7.216666667,6.566666667
Metroid Prime Pinball,2005,79,3.366666667,2.766666667,2.016666667,10.41666667,9,6.916666667
MediEvil Resurrection,2005,66,10.73333333,9,9.2,10.66666667,10.43333333,7.816666667
Ford Racing 3,2005,49,3.333333333,3.333333333,3.333333333,8.75,8.466666667,8
Call of Duty 2,2005,89,11.36666667,8.983333333,6.366666667,15.7,11.18333333,8.2
Amped 3,2005,72,7.416666667,6.666666667,5.25,9,9,9
GUN ,2005,75,10.08333333,6,4.816666667,17.23333333,13.25,10.1
Quake 4,2005,75,10.75,8,5.95,18.23333333,13,10.15
Mario Kart DS,2005,91,7.366666667,4.5,3.066666667,25.33333333,15,10.33333333
Sonic Rush,2005,82,5.983333333,5,3.983333333,17.35,16,10.46666667
Burnout Legends,2005,86,6.866666667,7,6.166666667,18.91666667,16.25,11.38333333
Burnout Legends,2005,38,6.866666667,7,6.166666667,18.91666667,16.25,11.38333333
Dragon Ball Z: Supersonic Warriors 2,2005,66,15.25,14.96666667,14.68333333,20.05,15,11.38333333
Kirby: Canvas Curse,2005,86,7.45,4.8,3.783333333,19.01666667,15.96666667,12.26666667
Condemned: Criminal Origins,2005,81,11.05,7,5.55,15.41666667,15,12.28333333
Super Princess Peach,2005,75,9.083333333,7,6.4,23.4,17.78333333,13.46666667
Tony Hawk's American Wasteland,2005,75,13.45,12,8.75,16,15,14
Phoenix Wright: Ace Attorney,2005,81,25.73333333,16.26666667,10.8,33.36666667,21.16666667,14.11666667
Harry Potter and the Goblet of Fire,2005,68,8.3,8,5.3,15.5,15,14.5
Harry Potter and the Goblet of Fire,2005,70,8.3,8,5.3,15.5,15,14.5
Big Brain Academy,2005,74,5.35,5.116666667,2.85,17.83333333,15,14.91666667
SpongeBob SquarePants: The Yellow Avenger,2005,67,8,8,8,15.7,15.7,15.7
Meteos,2005,88,11.05,7.5,6.5,30.61666667,23.75,16.86666667
Kameo: Elements of Power,2005,79,10.7,8.95,6.783333333,17,17,17
Dragon Quest Heroes: Rocket Slime,2005,83,14.18333333,12.16666667,10.68333333,25.4,25,19.48333333
Clubhouse Games,2005,83,0,0,0,20,20,20
Castlevania: Dawn of Sorrow,2005,89,16.15,10.41666667,7.9,69.18333333,26,20.25
Need for Speed Underground 2,2005,65,20.9,20,17.4,30.21666667,21.5,20.71666667
Lost in Blue,2005,69,0,0,0,23.61666667,22.25,20.86666667
X-Men: Legends II - Rise of Apocalypse,2005,84,27.98333333,22,19.05,24.78333333,23.56666667,22.35
Tony Hawk's Underground 2: Remix,2005,83,0,0,0,23.45,23.45,23.45
Need for Speed Underground: Rivals,2005,74,12,12,12,31.11666667,27.56666667,24.01666667
Need for Speed: Most Wanted,2005,83,17.03333333,10,6.75,56.15,30,25.21666667
Need for Speed: Most Wanted,2005,45,17.03333333,10,6.75,56.15,30,25.21666667
Lunar: Dragon Song,2005,59,21.11666667,19.85,19.5,35.76666667,24.71666667,25.91666667
Perfect Dark Zero,2005,79,10,8,5.95,30.78333333,28.85,26.91666667
Mario & Luigi: Partners in Time,2005,86,21.81666667,18.01666667,13.85,39.21666667,40,27.46666667
Star Wars: Battlefront II,2005,69,11.23333333,8,5.35,131.0666667,35.36666667,28.56666667
LifeSigns: Surgical Unit,2005,61,0,0,0,30.51666667,30.51666667,30.51666667
Grand Theft Auto: Liberty City Stories,2005,88,21.9,13.85,10.53333333,59.46666667,47.23333333,33.2
WWE Smackdown vs. Raw 2006,2005,81,9.6,8,6.85,59.48333333,31.48333333,33.48333333
The Legend of Heroes: A Tear of Vermillion,2005,68,27.73333333,25,24.81666667,41.75,38.5,35.25
Mega Man Battle Network 5: Double Team DS,2005,68,34.85,27.48333333,24.55,52.75,42,43.53333333
Midnight Club 3: DUB Edition,2005,74,21.16666667,19.5,17.16666667,49.4,48.75,48.4
Spider-Man 2,2005,67,11.08333333,8,5.333333333,78.86666667,72.56666667,66.28333333
Pokmon Mystery Dungeon: Blue Rescue Team,2005,62,43.91666667,23.05,15.9,135.7333333,90,87.98333333
Dead or Alive 4,2005,85,5.4,3.85,2.066666667,209.05,97.5,89.05
Nintendogs,2005,83,46.81666667,22.15,18.53333333,100,100,100
The Sims 2,2005,70,77.9,30.98333333,24.9,200,200,200
The Sims 2,2005,65,77.9,30.98333333,24.9,200,200,200
Advance Wars: Dual Strike,2005,90,27.93333333,23.56666667,20.93333333,360.6166667,250,245.6166667
Animal Crossing: Wild World,2005,86,135.5833333,70,45.58333333,555.8,314.6666667,308.3
Hot Shots Golf: Open Tee,2004,81,0,0,0,0,0,0
Madden NFL 2005,2004,68,0,0,0,0,0,0
Armored Core: Formula Front - Extreme Battle,2004,66,0,0,0,0,0,0
Darkstalkers Chronicle: The Chaos Tower,2004,74,2.4,2,1.066666667,0,0,0
Puyo Pop Fever,2004,76,1.866666667,1.75,1.616666667,0,0,0
Ape Escape Academy,2004,51,1.883333333,1.883333333,1.883333333,0,0,0
Ridge Racer DS,2004,63,2.233333333,2.233333333,2.233333333,0,0,0
Feel the Magic XY/XX,2004,75,3.783333333,2.983333333,2.3,0,0,0
Dynasty Warriors,2004,62,18.05,2.083333333,3.116666667,0,0,0
Mr. DRILLER: Drill Spirits,2004,72,10.98333333,9.883333333,8.766666667,0,0,0
Lumines: Puzzle Fusion,2004,89,11.08333333,10,9.583333333,0,0,0
Ridge Racer,2004,88,0.783333333,0.533333333,0.45,1.25,1.25,1.25
WarioWare Touched!,2004,81,2.933333333,1.833333333,1.433333333,14.1,7.25,6.8
Asphalt: Urban GT,2004,60,15,15,15,9.816666667,9.816666667,9.816666667
Zoo Keeper,2004,74,7.75,5,4.75,11.75,11.75,11.75
Pokmon Dash,2004,46,1.2,1.083333333,1.05,12,12,12
Polarium,2004,73,5.783333333,5.75,4.866666667,12,12,12
Sprung,2004,48,0,0,0,17.75,17.75,17.75
Super Mario 64 DS,2004,85,18.31666667,14.5,9.7,35.03333333,30,22.01666667
The Urbz: Sims in the City,2004,67,15.75,15.5,15.25,30.03333333,30.03333333,30.03333333
Spider-Man 2,2004,61,11.08333333,8,5.333333333,78.86666667,72.56666667,66.28333333
Metal Gear Ac!d,2004,75,23.6,20.78333333,17.88333333,80,80,80